Transformed_Feature,Original_Feature
categorical__Symptom_1_acidity,Symptom_1
categorical__Symptom_1_back_pain,Symptom_1
categorical__Symptom_1_bladder_discomfort,Symptom_1
categorical__Symptom_1_breathlessness,Symptom_1
categorical__Symptom_1_burning_micturition,Symptom_1
categorical__Symptom_1_chest_pain,Symptom_1
categorical__Symptom_1_chills,Symptom_1
categorical__Symptom_1_constipation,Symptom_1
categorical__Symptom_1_continuous_sneezing,Symptom_1
categorical__Symptom_1_cough,Symptom_1
categorical__Symptom_1_cramps,Symptom_1
categorical__Symptom_1_fatigue,Symptom_1
categorical__Symptom_1_headache,Symptom_1
categorical__Symptom_1_high_fever,Symptom_1
categorical__Symptom_1_indigestion,Symptom_1
categorical__Symptom_1_itching,Symptom_1
categorical__Symptom_1_joint_pain,Symptom_1
categorical__Symptom_1_mood_swings,Symptom_1
categorical__Symptom_1_muscle_wasting,Symptom_1
categorical__Symptom_1_muscle_weakness,Symptom_1
categorical__Symptom_1_neck_pain,Symptom_1
categorical__Symptom_1_pain_during_bowel_movements,Symptom_1
categorical__Symptom_1_skin_rash,Symptom_1
categorical__Symptom_1_stiff_neck,Symptom_1
categorical__Symptom_1_stomach_pain,Symptom_1
categorical__Symptom_1_vomiting,Symptom_1
categorical__Symptom_1_weakness_in_limbs,Symptom_1
categorical__Symptom_1_weight_gain,Symptom_1
categorical__Symptom_1_weight_loss,Symptom_1
categorical__Symptom_1_yellowish_skin,Symptom_1
categorical__Symptom_2_abdominal_pain,Symptom_2
categorical__Symptom_2_acidity,Symptom_2
categorical__Symptom_2_anxiety,Symptom_2
categorical__Symptom_2_blackheads,Symptom_2
categorical__Symptom_2_bladder_discomfort,Symptom_2
categorical__Symptom_2_blister,Symptom_2
categorical__Symptom_2_breathlessness,Symptom_2
categorical__Symptom_2_bruising,Symptom_2
categorical__Symptom_2_chest_pain,Symptom_2
categorical__Symptom_2_chills,Symptom_2
categorical__Symptom_2_cold_hands_and_feets,Symptom_2
categorical__Symptom_2_cough,Symptom_2
categorical__Symptom_2_cramps,Symptom_2
categorical__Symptom_2_dehydration,Symptom_2
categorical__Symptom_2_dizziness,Symptom_2
categorical__Symptom_2_fatigue,Symptom_2
categorical__Symptom_2_foul_smell_of urine,Symptom_2
categorical__Symptom_2_headache,Symptom_2
categorical__Symptom_2_high_fever,Symptom_2
categorical__Symptom_2_indigestion,Symptom_2
categorical__Symptom_2_joint_pain,Symptom_2
categorical__Symptom_2_knee_pain,Symptom_2
categorical__Symptom_2_lethargy,Symptom_2
categorical__Symptom_2_loss_of_appetite,Symptom_2
categorical__Symptom_2_mood_swings,Symptom_2
categorical__Symptom_2_nausea,Symptom_2
categorical__Symptom_2_neck_pain,Symptom_2
categorical__Symptom_2_nodal_skin_eruptions,Symptom_2
categorical__Symptom_2_pain_during_bowel_movements,Symptom_2
categorical__Symptom_2_pain_in_anal_region,Symptom_2
categorical__Symptom_2_patches_in_throat,Symptom_2
categorical__Symptom_2_pus_filled_pimples,Symptom_2
categorical__Symptom_2_restlessness,Symptom_2
categorical__Symptom_2_shivering,Symptom_2
categorical__Symptom_2_skin_peeling,Symptom_2
categorical__Symptom_2_skin_rash,Symptom_2
categorical__Symptom_2_stiff_neck,Symptom_2
categorical__Symptom_2_stomach_pain,Symptom_2
categorical__Symptom_2_sunken_eyes,Symptom_2
categorical__Symptom_2_sweating,Symptom_2
categorical__Symptom_2_swelling_joints,Symptom_2
categorical__Symptom_2_ulcers_on_tongue,Symptom_2
categorical__Symptom_2_vomiting,Symptom_2
categorical__Symptom_2_weakness_in_limbs,Symptom_2
categorical__Symptom_2_weakness_of_one_body_side,Symptom_2
categorical__Symptom_2_weight_gain,Symptom_2
categorical__Symptom_2_weight_loss,Symptom_2
categorical__Symptom_2_yellowish_skin,Symptom_2
categorical__Symptom_3_abdominal_pain,Symptom_3
categorical__Symptom_3_altered_sensorium,Symptom_3
categorical__Symptom_3_anxiety,Symptom_3
categorical__Symptom_3_blackheads,Symptom_3
categorical__Symptom_3_blister,Symptom_3
categorical__Symptom_3_bloody_stool,Symptom_3
categorical__Symptom_3_blurred_and_distorted_vision,Symptom_3
categorical__Symptom_3_breathlessness,Symptom_3
categorical__Symptom_3_bruising,Symptom_3
categorical__Symptom_3_burning_micturition,Symptom_3
categorical__Symptom_3_chest_pain,Symptom_3
categorical__Symptom_3_chills,Symptom_3
categorical__Symptom_3_cold_hands_and_feets,Symptom_3
categorical__Symptom_3_continuous_feel_of_urine,Symptom_3
categorical__Symptom_3_cough,Symptom_3
categorical__Symptom_3_dark_urine,Symptom_3
categorical__Symptom_3_dehydration,Symptom_3
categorical__Symptom_3_diarrhoea,Symptom_3
categorical__Symptom_3_dischromic _patches,Symptom_3
categorical__Symptom_3_dizziness,Symptom_3
categorical__Symptom_3_extra_marital_contacts,Symptom_3
categorical__Symptom_3_fatigue,Symptom_3
categorical__Symptom_3_foul_smell_of urine,Symptom_3
categorical__Symptom_3_headache,Symptom_3
categorical__Symptom_3_high_fever,Symptom_3
categorical__Symptom_3_hip_joint_pain,Symptom_3
categorical__Symptom_3_joint_pain,Symptom_3
categorical__Symptom_3_knee_pain,Symptom_3
categorical__Symptom_3_lethargy,Symptom_3
categorical__Symptom_3_loss_of_appetite,Symptom_3
categorical__Symptom_3_loss_of_balance,Symptom_3
categorical__Symptom_3_mood_swings,Symptom_3
categorical__Symptom_3_movement_stiffness,Symptom_3
categorical__Symptom_3_nausea,Symptom_3
categorical__Symptom_3_neck_pain,Symptom_3
categorical__Symptom_3_nodal_skin_eruptions,Symptom_3
categorical__Symptom_3_obesity,Symptom_3
categorical__Symptom_3_pain_in_anal_region,Symptom_3
categorical__Symptom_3_red_sore_around_nose,Symptom_3
categorical__Symptom_3_restlessness,Symptom_3
categorical__Symptom_3_scurring,Symptom_3
categorical__Symptom_3_silver_like_dusting,Symptom_3
categorical__Symptom_3_skin_peeling,Symptom_3
categorical__Symptom_3_spinning_movements,Symptom_3
categorical__Symptom_3_stomach_pain,Symptom_3
categorical__Symptom_3_sweating,Symptom_3
categorical__Symptom_3_swelling_joints,Symptom_3
categorical__Symptom_3_swelling_of_stomach,Symptom_3
categorical__Symptom_3_ulcers_on_tongue,Symptom_3
categorical__Symptom_3_vomiting,Symptom_3
categorical__Symptom_3_watering_from_eyes,Symptom_3
categorical__Symptom_3_weakness_of_one_body_side,Symptom_3
categorical__Symptom_3_weight_loss,Symptom_3
categorical__Symptom_3_yellowish_skin,Symptom_3
categorical__Symptom_4___MISSING__,Symptom_4
categorical__Symptom_4_abdominal_pain,Symptom_4
categorical__Symptom_4_altered_sensorium,Symptom_4
categorical__Symptom_4_bloody_stool,Symptom_4
categorical__Symptom_4_blurred_and_distorted_vision,Symptom_4
categorical__Symptom_4_breathlessness,Symptom_4
categorical__Symptom_4_burning_micturition,Symptom_4
categorical__Symptom_4_chest_pain,Symptom_4
categorical__Symptom_4_continuous_feel_of_urine,Symptom_4
categorical__Symptom_4_cough,Symptom_4
categorical__Symptom_4_dark_urine,Symptom_4
categorical__Symptom_4_diarrhoea,Symptom_4
categorical__Symptom_4_dischromic _patches,Symptom_4
categorical__Symptom_4_distention_of_abdomen,Symptom_4
categorical__Symptom_4_dizziness,Symptom_4
categorical__Symptom_4_excessive_hunger,Symptom_4
categorical__Symptom_4_extra_marital_contacts,Symptom_4
categorical__Symptom_4_family_history,Symptom_4
categorical__Symptom_4_fatigue,Symptom_4
categorical__Symptom_4_headache,Symptom_4
categorical__Symptom_4_high_fever,Symptom_4
categorical__Symptom_4_hip_joint_pain,Symptom_4
categorical__Symptom_4_irregular_sugar_level,Symptom_4
categorical__Symptom_4_irritation_in_anus,Symptom_4
categorical__Symptom_4_lack_of_concentration,Symptom_4
categorical__Symptom_4_lethargy,Symptom_4
categorical__Symptom_4_loss_of_appetite,Symptom_4
categorical__Symptom_4_loss_of_balance,Symptom_4
categorical__Symptom_4_mood_swings,Symptom_4
categorical__Symptom_4_movement_stiffness,Symptom_4
categorical__Symptom_4_nausea,Symptom_4
categorical__Symptom_4_obesity,Symptom_4
categorical__Symptom_4_painful_walking,Symptom_4
categorical__Symptom_4_passage_of_gases,Symptom_4
categorical__Symptom_4_red_sore_around_nose,Symptom_4
categorical__Symptom_4_restlessness,Symptom_4
categorical__Symptom_4_scurring,Symptom_4
categorical__Symptom_4_silver_like_dusting,Symptom_4
categorical__Symptom_4_small_dents_in_nails,Symptom_4
categorical__Symptom_4_spinning_movements,Symptom_4
categorical__Symptom_4_spotting_ urination,Symptom_4
categorical__Symptom_4_sweating,Symptom_4
categorical__Symptom_4_swelling_joints,Symptom_4
categorical__Symptom_4_swelling_of_stomach,Symptom_4
categorical__Symptom_4_swollen_legs,Symptom_4
categorical__Symptom_4_vomiting,Symptom_4
categorical__Symptom_4_watering_from_eyes,Symptom_4
categorical__Symptom_4_weight_loss,Symptom_4
categorical__Symptom_4_yellow_crust_ooze,Symptom_4
categorical__Symptom_4_yellowing_of_eyes,Symptom_4
categorical__Symptom_4_yellowish_skin,Symptom_4
categorical__Symptom_5___MISSING__,Symptom_5
categorical__Symptom_5_abdominal_pain,Symptom_5
categorical__Symptom_5_blurred_and_distorted_vision,Symptom_5
categorical__Symptom_5_breathlessness,Symptom_5
categorical__Symptom_5_chest_pain,Symptom_5
categorical__Symptom_5_cough,Symptom_5
categorical__Symptom_5_dark_urine,Symptom_5
categorical__Symptom_5_diarrhoea,Symptom_5
categorical__Symptom_5_distention_of_abdomen,Symptom_5
categorical__Symptom_5_dizziness,Symptom_5
categorical__Symptom_5_excessive_hunger,Symptom_5
categorical__Symptom_5_family_history,Symptom_5
categorical__Symptom_5_fatigue,Symptom_5
categorical__Symptom_5_headache,Symptom_5
categorical__Symptom_5_high_fever,Symptom_5
categorical__Symptom_5_history_of_alcohol_consumption,Symptom_5
categorical__Symptom_5_inflammatory_nails,Symptom_5
categorical__Symptom_5_internal_itching,Symptom_5
categorical__Symptom_5_irregular_sugar_level,Symptom_5
categorical__Symptom_5_irritation_in_anus,Symptom_5
categorical__Symptom_5_lack_of_concentration,Symptom_5
categorical__Symptom_5_lethargy,Symptom_5
categorical__Symptom_5_loss_of_appetite,Symptom_5
categorical__Symptom_5_loss_of_balance,Symptom_5
categorical__Symptom_5_mucoid_sputum,Symptom_5
categorical__Symptom_5_nausea,Symptom_5
categorical__Symptom_5_painful_walking,Symptom_5
categorical__Symptom_5_passage_of_gases,Symptom_5
categorical__Symptom_5_small_dents_in_nails,Symptom_5
categorical__Symptom_5_stiff_neck,Symptom_5
categorical__Symptom_5_sweating,Symptom_5
categorical__Symptom_5_swelling_joints,Symptom_5
categorical__Symptom_5_swollen_blood_vessels,Symptom_5
categorical__Symptom_5_swollen_legs,Symptom_5
categorical__Symptom_5_unsteadiness,Symptom_5
categorical__Symptom_5_yellowing_of_eyes,Symptom_5
categorical__Symptom_5_yellowish_skin,Symptom_5
categorical__Symptom_6___MISSING__,Symptom_6
categorical__Symptom_6_abdominal_pain,Symptom_6
categorical__Symptom_6_blurred_and_distorted_vision,Symptom_6
categorical__Symptom_6_breathlessness,Symptom_6
categorical__Symptom_6_chest_pain,Symptom_6
categorical__Symptom_6_constipation,Symptom_6
categorical__Symptom_6_dark_urine,Symptom_6
categorical__Symptom_6_depression,Symptom_6
categorical__Symptom_6_diarrhoea,Symptom_6
categorical__Symptom_6_dizziness,Symptom_6
categorical__Symptom_6_family_history,Symptom_6
categorical__Symptom_6_fast_heart_rate,Symptom_6
categorical__Symptom_6_fluid_overload,Symptom_6
categorical__Symptom_6_headache,Symptom_6
categorical__Symptom_6_high_fever,Symptom_6
categorical__Symptom_6_history_of_alcohol_consumption,Symptom_6
categorical__Symptom_6_inflammatory_nails,Symptom_6
categorical__Symptom_6_internal_itching,Symptom_6
categorical__Symptom_6_loss_of_appetite,Symptom_6
categorical__Symptom_6_malaise,Symptom_6
categorical__Symptom_6_mucoid_sputum,Symptom_6
categorical__Symptom_6_nausea,Symptom_6
categorical__Symptom_6_obesity,Symptom_6
categorical__Symptom_6_prominent_veins_on_calf,Symptom_6
categorical__Symptom_6_puffy_face_and_eyes,Symptom_6
categorical__Symptom_6_stiff_neck,Symptom_6
categorical__Symptom_6_sweating,Symptom_6
categorical__Symptom_6_swelled_lymph_nodes,Symptom_6
categorical__Symptom_6_swollen_blood_vessels,Symptom_6
categorical__Symptom_6_unsteadiness,Symptom_6
categorical__Symptom_6_yellowing_of_eyes,Symptom_6
categorical__Symptom_6_yellowish_skin,Symptom_6
categorical__Symptom_7___MISSING__,Symptom_7
categorical__Symptom_7_abdominal_pain,Symptom_7
categorical__Symptom_7_blurred_and_distorted_vision,Symptom_7
categorical__Symptom_7_breathlessness,Symptom_7
categorical__Symptom_7_constipation,Symptom_7
categorical__Symptom_7_dark_urine,Symptom_7
categorical__Symptom_7_depression,Symptom_7
categorical__Symptom_7_diarrhoea,Symptom_7
categorical__Symptom_7_enlarged_thyroid,Symptom_7
categorical__Symptom_7_excessive_hunger,Symptom_7
categorical__Symptom_7_fast_heart_rate,Symptom_7
categorical__Symptom_7_headache,Symptom_7
categorical__Symptom_7_irritability,Symptom_7
categorical__Symptom_7_loss_of_appetite,Symptom_7
categorical__Symptom_7_malaise,Symptom_7
categorical__Symptom_7_mild_fever,Symptom_7
categorical__Symptom_7_muscle_pain,Symptom_7
categorical__Symptom_7_nausea,Symptom_7
categorical__Symptom_7_obesity,Symptom_7
categorical__Symptom_7_phlegm,Symptom_7
categorical__Symptom_7_puffy_face_and_eyes,Symptom_7
categorical__Symptom_7_sweating,Symptom_7
categorical__Symptom_7_swelled_lymph_nodes,Symptom_7
categorical__Symptom_7_yellow_urine,Symptom_7
categorical__Symptom_7_yellowing_of_eyes,Symptom_7
categorical__Symptom_8___MISSING__,Symptom_8
categorical__Symptom_8_abdominal_pain,Symptom_8
categorical__Symptom_8_brittle_nails,Symptom_8
categorical__Symptom_8_chest_pain,Symptom_8
categorical__Symptom_8_diarrhoea,Symptom_8
categorical__Symptom_8_drying_and_tingling_lips,Symptom_8
categorical__Symptom_8_enlarged_thyroid,Symptom_8
categorical__Symptom_8_excessive_hunger,Symptom_8
categorical__Symptom_8_increased_appetite,Symptom_8
categorical__Symptom_8_irritability,Symptom_8
categorical__Symptom_8_loss_of_appetite,Symptom_8
categorical__Symptom_8_malaise,Symptom_8
categorical__Symptom_8_mild_fever,Symptom_8
categorical__Symptom_8_muscle_pain,Symptom_8
categorical__Symptom_8_muscle_weakness,Symptom_8
categorical__Symptom_8_nausea,Symptom_8
categorical__Symptom_8_phlegm,Symptom_8
categorical__Symptom_8_swelled_lymph_nodes,Symptom_8
categorical__Symptom_8_visual_disturbances,Symptom_8
categorical__Symptom_8_yellowing_of_eyes,Symptom_8
categorical__Symptom_9___MISSING__,Symptom_9
categorical__Symptom_9_abdominal_pain,Symptom_9
categorical__Symptom_9_brittle_nails,Symptom_9
categorical__Symptom_9_chest_pain,Symptom_9
categorical__Symptom_9_diarrhoea,Symptom_9
categorical__Symptom_9_drying_and_tingling_lips,Symptom_9
categorical__Symptom_9_fast_heart_rate,Symptom_9
categorical__Symptom_9_increased_appetite,Symptom_9
categorical__Symptom_9_irritability,Symptom_9
categorical__Symptom_9_loss_of_appetite,Symptom_9
categorical__Symptom_9_malaise,Symptom_9
categorical__Symptom_9_mild_fever,Symptom_9
categorical__Symptom_9_pain_behind_the_eyes,Symptom_9
categorical__Symptom_9_phlegm,Symptom_9
categorical__Symptom_9_polyuria,Symptom_9
categorical__Symptom_9_slurred_speech,Symptom_9
categorical__Symptom_9_swelled_lymph_nodes,Symptom_9
categorical__Symptom_9_swollen_extremeties,Symptom_9
categorical__Symptom_9_throat_irritation,Symptom_9
categorical__Symptom_9_toxic_look_(typhos),Symptom_9
categorical__Symptom_9_visual_disturbances,Symptom_9
categorical__Symptom_9_yellowing_of_eyes,Symptom_9
categorical__Symptom_10___MISSING__,Symptom_10
categorical__Symptom_10_abnormal_menstruation,Symptom_10
categorical__Symptom_10_acute_liver_failure,Symptom_10
categorical__Symptom_10_back_pain,Symptom_10
categorical__Symptom_10_belly_pain,Symptom_10
categorical__Symptom_10_depression,Symptom_10
categorical__Symptom_10_fast_heart_rate,Symptom_10
categorical__Symptom_10_irritability,Symptom_10
categorical__Symptom_10_malaise,Symptom_10
categorical__Symptom_10_muscle_pain,Symptom_10
categorical__Symptom_10_pain_behind_the_eyes,Symptom_10
categorical__Symptom_10_polyuria,Symptom_10
categorical__Symptom_10_receiving_blood_transfusion,Symptom_10
categorical__Symptom_10_red_spots_over_body,Symptom_10
categorical__Symptom_10_redness_of_eyes,Symptom_10
categorical__Symptom_10_rusty_sputum,Symptom_10
categorical__Symptom_10_slurred_speech,Symptom_10
categorical__Symptom_10_swollen_extremeties,Symptom_10
categorical__Symptom_10_throat_irritation,Symptom_10
categorical__Symptom_10_toxic_look_(typhos),Symptom_10
categorical__Symptom_10_yellowing_of_eyes,Symptom_10
categorical__Symptom_11___MISSING__,Symptom_11
categorical__Symptom_11_acute_liver_failure,Symptom_11
categorical__Symptom_11_back_pain,Symptom_11
categorical__Symptom_11_belly_pain,Symptom_11
categorical__Symptom_11_coma,Symptom_11
categorical__Symptom_11_depression,Symptom_11
categorical__Symptom_11_irritability,Symptom_11
categorical__Symptom_11_malaise,Symptom_11
categorical__Symptom_11_muscle_pain,Symptom_11
categorical__Symptom_11_palpitations,Symptom_11
categorical__Symptom_11_receiving_unsterile_injections,Symptom_11
categorical__Symptom_11_red_spots_over_body,Symptom_11
categorical__Symptom_11_redness_of_eyes,Symptom_11
categorical__Symptom_11_rusty_sputum,Symptom_11
categorical__Symptom_11_sinus_pressure,Symptom_11
categorical__Symptom_11_swelled_lymph_nodes,Symptom_11
categorical__Symptom_12___MISSING__,Symptom_12
categorical__Symptom_12_abnormal_menstruation,Symptom_12
categorical__Symptom_12_coma,Symptom_12
categorical__Symptom_12_irritability,Symptom_12
categorical__Symptom_12_malaise,Symptom_12
categorical__Symptom_12_muscle_pain,Symptom_12
categorical__Symptom_12_palpitations,Symptom_12
categorical__Symptom_12_runny_nose,Symptom_12
categorical__Symptom_12_sinus_pressure,Symptom_12
categorical__Symptom_12_stomach_bleeding,Symptom_12
categorical__Symptom_13___MISSING__,Symptom_13
categorical__Symptom_13_abnormal_menstruation,Symptom_13
categorical__Symptom_13_congestion,Symptom_13
categorical__Symptom_13_muscle_pain,Symptom_13
categorical__Symptom_13_phlegm,Symptom_13
categorical__Symptom_13_red_spots_over_body,Symptom_13
categorical__Symptom_13_runny_nose,Symptom_13
categorical__Symptom_13_stomach_bleeding,Symptom_13
categorical__Symptom_14___MISSING__,Symptom_14
categorical__Symptom_14_chest_pain,Symptom_14
categorical__Symptom_14_congestion,Symptom_14
categorical__Symptom_14_red_spots_over_body,Symptom_14
categorical__Symptom_15___MISSING__,Symptom_15
categorical__Symptom_15_blood_in_sputum,Symptom_15
categorical__Symptom_15_chest_pain,Symptom_15
categorical__Symptom_15_loss_of_smell,Symptom_15
categorical__Symptom_16___MISSING__,Symptom_16
categorical__Symptom_16_loss_of_smell,Symptom_16
categorical__Symptom_16_muscle_pain,Symptom_16
categorical__Symptom_17___MISSING__,Symptom_17
categorical__Symptom_17_muscle_pain,Symptom_17
numerical__Symptom_Count,Symptom_Count
