Feature,Mean_Absolute_SHAP
categorical__Symptom_1_skin_rash,0.01089357851588722
categorical__Symptom_2_high_fever,0.00750885967588307
categorical__Symptom_3_blister,0.006440772115532992
numerical__Symptom_Count,0.006352129855614012
categorical__Symptom_4_red_sore_around_nose,0.005445450797792747
categorical__Symptom_6_nan,0.005079081624884604
categorical__Symptom_4_yellow_crust_ooze,0.0045071978913481595
categorical__Symptom_3_red_sore_around_nose,0.0037112178018951147
categorical__Symptom_5_nan,0.0032948295244227756
categorical__Symptom_1_vomiting,0.0031524316872464193
categorical__Symptom_7_nan,0.0025720699168122947
categorical__Symptom_5_yellow_crust_ooze,0.002546735256066598
categorical__Symptom_1_fatigue,0.001972383065032156
categorical__Symptom_2_blister,0.0019049757943678525
categorical__Symptom_8_nan,0.0018106012018884472
categorical__Symptom_4_nan,0.0017752361758314383
categorical__Symptom_9_nan,0.001348878460283543
categorical__Symptom_1_itching,0.0013141554799420425
categorical__Symptom_10_nan,0.0011061351838372137
categorical__Symptom_2_pus_filled_pimples,0.0007868715060210273
categorical__Symptom_3_nausea,0.0007726994505928693
categorical__Symptom_3_high_fever,0.000674915110118068
categorical__Symptom_2_joint_pain,0.0006569065801022557
categorical__Symptom_1_muscle_weakness,0.0006389797389269798
categorical__Symptom_3_blackheads,0.0006208885774799803
categorical__Symptom_2_breathlessness,0.0005881297091663617
categorical__Symptom_2_stiff_neck,0.0005759068154349285
categorical__Symptom_4_scurring,0.0005697189872376925
categorical__Symptom_2_vomiting,0.0005660694891498419
categorical__Symptom_3_sweating,0.0005485293088537763
categorical__Symptom_2_yellowish_skin,0.0005443931068250071
categorical__Symptom_3_swelling_joints,0.0005296769466909029
categorical__Symptom_11_nan,0.000499568477144838
categorical__Symptom_4_loss_of_balance,0.0004974579400526449
categorical__Symptom_3_skin_peeling,0.0004942818285729769
categorical__Symptom_4_movement_stiffness,0.0004896129373825546
categorical__Symptom_4_silver_like_dusting,0.00048666917493726705
categorical__Symptom_1_headache,0.00048270735499187
categorical__Symptom_4_chest_pain,0.0004629806352831498
categorical__Symptom_2_pain_during_bowel_movements,0.00045224878718148133
categorical__Symptom_1_constipation,0.0004434322693214379
categorical__Symptom_3_dizziness,0.00043782106963279434
categorical__Symptom_1_muscle_wasting,0.000435162697229015
categorical__Symptom_5_small_dents_in_nails,0.00043350576191415887
categorical__Symptom_4_loss_of_appetite,0.000432066139746971
categorical__Symptom_3_fatigue,0.00041811834363562406
categorical__Symptom_2_skin_rash,0.0004035973319083221
categorical__Symptom_3_pain_in_anal_region,0.0003850572861723556
categorical__Symptom_2_chest_pain,0.00036230447060862356
categorical__Symptom_2_indigestion,0.0003540662558629083
categorical__Symptom_2_patches_in_throat,0.00033314421447330647
categorical__Symptom_2_headache,0.00032748800227146846
categorical__Symptom_1_back_pain,0.00030484254860417646
categorical__Symptom_4_extra_marital_contacts,0.0003033726326476504
categorical__Symptom_1_burning_micturition,0.0003000757022733414
categorical__Symptom_2_weakness_in_limbs,0.0002994976985133903
categorical__Symptom_5_yellowing_of_eyes,0.00029654630083254276
categorical__Symptom_2_fatigue,0.0002806869435337034
categorical__Symptom_1_chills,0.00026231291333246457
categorical__Symptom_3_neck_pain,0.00026124532732900446
categorical__Symptom_5_irritation_in_anus,0.00025871526091277545
categorical__Symptom_3_dischromic _patches,0.00025865061504784536
categorical__Symptom_4_bloody_stool,0.0002551393600612702
categorical__Symptom_12_nan,0.00025424046686685494
categorical__Symptom_5_family_history,0.0002510881801703448
categorical__Symptom_5_high_fever,0.00024009341085527006
categorical__Symptom_5_loss_of_balance,0.0002367702892470904
categorical__Symptom_4_breathlessness,0.00023377081835178942
categorical__Symptom_1_stomach_pain,0.00023291876134568502
categorical__Symptom_4_lethargy,0.00023172228856285746
categorical__Symptom_4_dizziness,0.0002281544407855765
categorical__Symptom_6_prominent_veins_on_calf,0.00022230788762669457
categorical__Symptom_5_painful_walking,0.00021874462790654394
categorical__Symptom_4_spinning_movements,0.00021719592191164785
categorical__Symptom_2_cramps,0.0002160657907017931
categorical__Symptom_2_cough,0.0002137508375398514
categorical__Symptom_3_scurring,0.00021304595842495767
categorical__Symptom_2_acidity,0.00020884631749767965
categorical__Symptom_4_lack_of_concentration,0.000198540134827086
categorical__Symptom_5_internal_itching,0.0001965618968823377
categorical__Symptom_2_bladder_discomfort,0.00019600689030457974
categorical__Symptom_4_passage_of_gases,0.00018584414417312196
categorical__Symptom_3_abdominal_pain,0.00018465713201811507
categorical__Symptom_3_loss_of_balance,0.00018356797500879995
categorical__Symptom_6_yellowing_of_eyes,0.0001788789826121209
categorical__Symptom_2_dizziness,0.00017429377898166558
categorical__Symptom_13_nan,0.00017395498020774224
categorical__Symptom_2_stomach_pain,0.00017379249149690704
categorical__Symptom_4_vomiting,0.00017220307427582725
categorical__Symptom_4_spotting_ urination,0.0001709433167861736
categorical__Symptom_3_burning_micturition,0.00017090712703286964
categorical__Symptom_2_weight_loss,0.00017054458836961893
categorical__Symptom_3_foul_smell_of urine,0.00016914079274016
categorical__Symptom_3_restlessness,0.00016701502239415504
categorical__Symptom_3_nodal_skin_eruptions,0.00016487763158036278
categorical__Symptom_1_continuous_sneezing,0.000164503005902683
categorical__Symptom_4_swollen_legs,0.00016218820434331114
categorical__Symptom_3_loss_of_appetite,0.0001600215723684436
categorical__Symptom_1_chest_pain,0.00015849999967007896
categorical__Symptom_3_yellowish_skin,0.0001571794587089903
categorical__Symptom_5_swollen_blood_vessels,0.00015521984022711437
categorical__Symptom_4_dischromic _patches,0.00015369005008946017
categorical__Symptom_4_weight_loss,0.00014997297068148726
categorical__Symptom_4_high_fever,0.0001460603193946785
categorical__Symptom_5_irregular_sugar_level,0.00014536572082683385
categorical__Symptom_4_continuous_feel_of_urine,0.00014414748265779534
categorical__Symptom_1_joint_pain,0.00014163826033428275
categorical__Symptom_3_bruising,0.0001391869586906015
categorical__Symptom_4_cough,0.00013580222219498035
categorical__Symptom_3_obesity,0.000134662821837067
categorical__Symptom_4_abdominal_pain,0.00013415566529363125
categorical__Symptom_2_sunken_eyes,0.00013273051795096102
categorical__Symptom_6_blurred_and_distorted_vision,0.00013214250000373953
categorical__Symptom_2_chills,0.0001317498966611826
categorical__Symptom_6_inflammatory_nails,0.0001267326844979569
categorical__Symptom_3_dehydration,0.0001264824935489175
categorical__Symptom_3_continuous_feel_of_urine,0.00012369243378214072
categorical__Symptom_5_passage_of_gases,0.0001224715263541425
categorical__Symptom_8_excessive_hunger,0.00012238457582373655
categorical__Symptom_4_obesity,0.00012143613459278651
categorical__Symptom_2_nodal_skin_eruptions,0.00011980475089902324
categorical__Symptom_5_swollen_legs,0.00011893870649179746
categorical__Symptom_5_chest_pain,0.00011524676289904977
categorical__Symptom_5_lack_of_concentration,0.00011428547993037609
categorical__Symptom_14_nan,0.00011113885019419358
categorical__Symptom_7_obesity,0.00011070320404382
categorical__Symptom_4_diarrhoea,0.00010945006333724917
categorical__Symptom_3_vomiting,0.000108814338506262
categorical__Symptom_5_abdominal_pain,0.00010795415027387646
categorical__Symptom_3_ulcers_on_tongue,0.0001076223005929444
categorical__Symptom_2_foul_smell_of urine,0.00010594423797643928
categorical__Symptom_1_acidity,0.00010575255371466913
categorical__Symptom_5_cough,0.00010381795032729868
categorical__Symptom_6_yellowish_skin,0.00010364255358265394
categorical__Symptom_7_abdominal_pain,0.00010135802188807396
categorical__Symptom_9_increased_appetite,9.686566265634259e-05
categorical__Symptom_3_watering_from_eyes,9.280872366901425e-05
categorical__Symptom_7_dark_urine,9.27427389488241e-05
categorical__Symptom_2_shivering,9.040018929867157e-05
categorical__Symptom_7_loss_of_appetite,8.969423817215761e-05
categorical__Symptom_5_nausea,8.802581844886962e-05
categorical__Symptom_8_abdominal_pain,8.729357513765638e-05
categorical__Symptom_4_dark_urine,8.620975279392142e-05
categorical__Symptom_4_sweating,8.463075533307603e-05
categorical__Symptom_10_polyuria,8.32641056066731e-05
categorical__Symptom_6_nausea,8.155827110364567e-05
categorical__Symptom_3_headache,8.058543176767352e-05
categorical__Symptom_6_headache,7.999555676780393e-05
categorical__Symptom_4_nausea,7.79020145381874e-05
categorical__Symptom_6_unsteadiness,7.771294783838203e-05
categorical__Symptom_4_blurred_and_distorted_vision,7.73904115380639e-05
categorical__Symptom_5_loss_of_appetite,7.625617280317347e-05
categorical__Symptom_6_family_history,7.491364439695677e-05
categorical__Symptom_7_muscle_pain,7.36916604818e-05
categorical__Symptom_6_dark_urine,7.336983520038755e-05
categorical__Symptom_9_malaise,7.231875060145723e-05
categorical__Symptom_5_history_of_alcohol_consumption,7.20475471555738e-05
categorical__Symptom_6_fluid_overload,7.083671942739969e-05
categorical__Symptom_2_loss_of_appetite,7.05185229405498e-05
categorical__Symptom_3_cough,6.919954210850429e-05
categorical__Symptom_5_yellowish_skin,6.907448512730253e-05
categorical__Symptom_6_stiff_neck,6.895066144379952e-05
categorical__Symptom_6_high_fever,6.855043938823075e-05
categorical__Symptom_7_depression,6.612684083907915e-05
categorical__Symptom_3_anxiety,6.436031574911411e-05
categorical__Symptom_2_bruising,6.406327320843852e-05
categorical__Symptom_5_excessive_hunger,6.366334199780681e-05
categorical__Symptom_8_mild_fever,6.348284878264442e-05
categorical__Symptom_8_yellowing_of_eyes,6.344200052982885e-05
categorical__Symptom_10_rusty_sputum,6.311180628509537e-05
categorical__Symptom_8_irritability,6.310438434679393e-05
categorical__Symptom_12_malaise,6.232665782568321e-05
categorical__Symptom_9_fast_heart_rate,6.19533110639894e-05
categorical__Symptom_3_swelling_of_stomach,6.13370177963141e-05
categorical__Symptom_11_receiving_unsterile_injections,5.992757424685628e-05
categorical__Symptom_4_distention_of_abdomen,5.965615345741326e-05
categorical__Symptom_6_abdominal_pain,5.9046618808387754e-05
categorical__Symptom_5_headache,5.80995421453251e-05
categorical__Symptom_10_yellowing_of_eyes,5.733698158158938e-05
categorical__Symptom_15_nan,5.704142267370414e-05
categorical__Symptom_7_malaise,5.635409961557082e-05
categorical__Symptom_7_excessive_hunger,5.618327288704882e-05
categorical__Symptom_6_swollen_blood_vessels,5.608605908483337e-05
categorical__Symptom_8_chest_pain,5.552503410858985e-05
categorical__Symptom_9_loss_of_appetite,5.3819098924850056e-05
categorical__Symptom_3_joint_pain,5.354917089013605e-05
categorical__Symptom_2_abdominal_pain,5.348018983971032e-05
categorical__Symptom_10_receiving_blood_transfusion,5.250232326100412e-05
categorical__Symptom_7_yellow_urine,5.221808572300266e-05
categorical__Symptom_6_malaise,5.185036903504945e-05
categorical__Symptom_14_red_spots_over_body,5.17637643774878e-05
categorical__Symptom_8_nausea,5.0728549813080155e-05
categorical__Symptom_5_fatigue,5.0200827316228146e-05
categorical__Symptom_7_phlegm,5.000114372020349e-05
categorical__Symptom_8_phlegm,4.9022888537103824e-05
categorical__Symptom_10_pain_behind_the_eyes,4.864944060516652e-05
categorical__Symptom_5_breathlessness,4.8121962370249947e-05
categorical__Symptom_5_sweating,4.607045038545659e-05
categorical__Symptom_6_diarrhoea,4.59733918170675e-05
categorical__Symptom_7_headache,4.595043824763788e-05
categorical__Symptom_9_visual_disturbances,4.3314762774639206e-05
categorical__Symptom_6_sweating,4.2236341641547294e-05
categorical__Symptom_11_back_pain,4.162666813477588e-05
categorical__Symptom_13_muscle_pain,4.1612171659053414e-05
categorical__Symptom_3_weight_loss,4.147590473865993e-05
categorical__Symptom_11_rusty_sputum,4.096584061176653e-05
categorical__Symptom_9_chest_pain,4.03376659754989e-05
categorical__Symptom_5_lethargy,3.9045064566961345e-05
categorical__Symptom_16_nan,3.893776753308869e-05
categorical__Symptom_10_fast_heart_rate,3.869682170678541e-05
categorical__Symptom_2_weight_gain,3.86903148244761e-05
categorical__Symptom_12_irritability,3.8283754467773344e-05
categorical__Symptom_11_red_spots_over_body,3.800388201452104e-05
categorical__Symptom_9_mild_fever,3.790340665859031e-05
categorical__Symptom_6_internal_itching,3.788084650475331e-05
categorical__Symptom_6_chest_pain,3.73757602333888e-05
categorical__Symptom_3_cold_hands_and_feets,3.7212660001887306e-05
categorical__Symptom_10_malaise,3.639595000260096e-05
categorical__Symptom_4_mood_swings,3.627540059051338e-05
categorical__Symptom_9_brittle_nails,3.571751680094004e-05
categorical__Symptom_9_swelled_lymph_nodes,3.571487175631744e-05
categorical__Symptom_6_dizziness,3.479266594035255e-05
categorical__Symptom_8_enlarged_thyroid,3.4576346996511584e-05
categorical__Symptom_13_abnormal_menstruation,3.385390233877503e-05
categorical__Symptom_7_puffy_face_and_eyes,3.3757103201981895e-05
categorical__Symptom_6_loss_of_appetite,3.3049719034724903e-05
categorical__Symptom_4_yellowish_skin,3.287853909730633e-05
categorical__Symptom_8_loss_of_appetite,3.248942115452068e-05
categorical__Symptom_5_dark_urine,3.207537226400379e-05
categorical__Symptom_7_blurred_and_distorted_vision,3.1845238371756786e-05
categorical__Symptom_10_swollen_extremeties,3.15088184370146e-05
categorical__Symptom_8_increased_appetite,3.0743089842906965e-05
categorical__Symptom_9_polyuria,3.0499054314914556e-05
categorical__Symptom_11_depression,3.0469851654453136e-05
categorical__Symptom_8_drying_and_tingling_lips,3.0145679043142696e-05
categorical__Symptom_11_irritability,3.00136902035274e-05
categorical__Symptom_8_diarrhoea,2.7640904670873092e-05
categorical__Symptom_11_palpitations,2.7272960937193203e-05
categorical__Symptom_3_lethargy,2.5956307805692955e-05
categorical__Symptom_10_irritability,2.507038594797731e-05
categorical__Symptom_11_muscle_pain,2.4568212747810846e-05
categorical__Symptom_13_stomach_bleeding,2.374074183618408e-05
categorical__Symptom_11_acute_liver_failure,2.37301809752469e-05
categorical__Symptom_7_nausea,2.293746739762837e-05
categorical__Symptom_9_slurred_speech,2.244666601238856e-05
categorical__Symptom_14_chest_pain,2.221276408059065e-05
categorical__Symptom_12_coma,2.2153994231102828e-05
categorical__Symptom_10_red_spots_over_body,2.169331662183147e-05
categorical__Symptom_9_abdominal_pain,2.0853851618707857e-05
categorical__Symptom_15_chest_pain,1.8654614472896354e-05
categorical__Symptom_9_yellowing_of_eyes,1.728670179120632e-05
categorical__Symptom_7_prominent_veins_on_calf,1.6843462375623796e-05
categorical__Symptom_16_muscle_pain,1.3701803479069241e-05
categorical__Symptom_12_runny_nose,1.3118561978947106e-05
categorical__Symptom_11_swelled_lymph_nodes,1.2461337706601884e-05
categorical__Symptom_15_blood_in_sputum,1.22418913293816e-05
categorical__Symptom_13_congestion,1.19211996344132e-05
categorical__Symptom_11_sinus_pressure,1.1790885386970171e-05
categorical__Symptom_15_loss_of_smell,1.0982063032654972e-05
categorical__Symptom_10_redness_of_eyes,1.0970971638697551e-05
categorical__Symptom_9_throat_irritation,1.0690773713038187e-05
categorical__Symptom_16_loss_of_smell,1.0458302687576225e-05
categorical__Symptom_7_breathlessness,1.017159119916707e-05
categorical__Symptom_13_phlegm,9.937863707005486e-06
categorical__Symptom_10_mild_fever,9.898754748767213e-06
categorical__Symptom_11_redness_of_eyes,9.711809075916375e-06
categorical__Symptom_14_phlegm,9.664841891321229e-06
categorical__Symptom_10_throat_irritation,9.382060005569718e-06
categorical__Symptom_8_malaise,9.363446965558827e-06
categorical__Symptom_12_sinus_pressure,9.354166754718883e-06
categorical__Symptom_11_yellowing_of_eyes,9.217859625787884e-06
categorical__Symptom_7_swelled_lymph_nodes,9.181379865291797e-06
categorical__Symptom_17_muscle_pain,9.040630402218762e-06
categorical__Symptom_16_blood_in_sputum,9.005447287914666e-06
categorical__Symptom_6_breathlessness,8.929741295616681e-06
categorical__Symptom_7_sweating,8.594680973803254e-06
categorical__Symptom_17_nan,8.417067809981713e-06
categorical__Symptom_6_swelled_lymph_nodes,8.259303927205175e-06
categorical__Symptom_14_congestion,8.160018976456608e-06
categorical__Symptom_8_sweating,8.005682790253938e-06
categorical__Symptom_9_phlegm,7.893649899722212e-06
categorical__Symptom_13_malaise,7.5275310987131444e-06
categorical__Symptom_12_swelled_lymph_nodes,7.306092007027936e-06
categorical__Symptom_13_runny_nose,6.584873508264992e-06
categorical__Symptom_13_red_spots_over_body,0.0
categorical__Symptom_12_abnormal_menstruation,0.0
categorical__Symptom_6_constipation,0.0
categorical__Symptom_1_cramps,0.0
categorical__Symptom_7_constipation,0.0
categorical__Symptom_7_diarrhoea,0.0
categorical__Symptom_6_fast_heart_rate,0.0
categorical__Symptom_7_enlarged_thyroid,0.0
categorical__Symptom_7_mild_fever,0.0
categorical__Symptom_6_puffy_face_and_eyes,0.0
categorical__Symptom_4_yellowing_of_eyes,0.0
categorical__Symptom_3_dark_urine,0.0
categorical__Symptom_6_history_of_alcohol_consumption,0.0
categorical__Symptom_1_stiff_neck,0.0
categorical__Symptom_1_bladder_discomfort,0.0
categorical__Symptom_1_weakness_in_limbs,0.0
categorical__Symptom_1_sunken_eyes,0.0
categorical__Symptom_12_muscle_pain,0.0
categorical__Symptom_5_unsteadiness,0.0
categorical__Symptom_5_swelling_joints,0.0
categorical__Symptom_5_stiff_neck,0.0
categorical__Symptom_6_painful_walking,0.0
categorical__Symptom_6_depression,0.0
categorical__Symptom_5_inflammatory_nails,0.0
categorical__Symptom_5_dizziness,0.0
categorical__Symptom_5_diarrhoea,0.0
categorical__Symptom_4_swelling_of_stomach,0.0
categorical__Symptom_8_muscle_weakness,0.0
categorical__Symptom_3_breathlessness,0.0
categorical__Symptom_3_chest_pain,0.0
categorical__Symptom_4_painful_walking,0.0
categorical__Symptom_4_restlessness,0.0
categorical__Symptom_5_mucoid_sputum,0.0
categorical__Symptom_5_distention_of_abdomen,0.0
categorical__Symptom_2_knee_pain,0.0
categorical__Symptom_3_diarrhoea,0.0
categorical__Symptom_2_mood_swings,0.0
categorical__Symptom_2_lethargy,0.0
categorical__Symptom_2_skin_peeling,0.0
categorical__Symptom_5_blurred_and_distorted_vision,0.0
categorical__Symptom_7_fast_heart_rate,0.0
categorical__Symptom_7_fluid_overload,0.0
categorical__Symptom_7_irritability,0.0
categorical__Symptom_9_diarrhoea,0.0
categorical__Symptom_9_irritability,0.0
categorical__Symptom_6_obesity,0.0
categorical__Symptom_1_breathlessness,0.0
categorical__Symptom_12_stomach_bleeding,0.0
categorical__Symptom_12_receiving_unsterile_injections,0.0
categorical__Symptom_1_shivering,0.0
categorical__Symptom_10_abnormal_menstruation,0.0
categorical__Symptom_9_toxic_look_(typhos),0.0
categorical__Symptom_9_swollen_extremeties,0.0
categorical__Symptom_8_brittle_nails,0.0
categorical__Symptom_9_muscle_weakness,0.0
categorical__Symptom_2_cold_hands_and_feets,0.0
categorical__Symptom_10_belly_pain,0.0
categorical__Symptom_10_acute_liver_failure,0.0
categorical__Symptom_2_dehydration,0.0
categorical__Symptom_3_extra_marital_contacts,0.0
categorical__Symptom_3_knee_pain,0.0
categorical__Symptom_3_hip_joint_pain,0.0
categorical__Symptom_3_mood_swings,0.0
categorical__Symptom_4_altered_sensorium,0.0
categorical__Symptom_4_burning_micturition,0.0
categorical__Symptom_10_back_pain,0.0
categorical__Symptom_8_swelled_lymph_nodes,0.0
categorical__Symptom_8_visual_disturbances,0.0
categorical__Symptom_8_yellow_urine,0.0
categorical__Symptom_11_receiving_blood_transfusion,0.0
categorical__Symptom_10_toxic_look_(typhos),0.0
categorical__Symptom_11_abnormal_menstruation,0.0
categorical__Symptom_4_excessive_hunger,0.0
categorical__Symptom_4_family_history,0.0
categorical__Symptom_3_movement_stiffness,0.0
categorical__Symptom_4_small_dents_in_nails,0.0
categorical__Symptom_4_swelling_joints,0.0
categorical__Symptom_4_fatigue,0.0
categorical__Symptom_4_headache,0.0
categorical__Symptom_3_bloody_stool,0.0
categorical__Symptom_3_blurred_and_distorted_vision,0.0
categorical__Symptom_10_depression,0.0
categorical__Symptom_4_irritation_in_anus,0.0
categorical__Symptom_4_irregular_sugar_level,0.0
categorical__Symptom_4_hip_joint_pain,0.0
categorical__Symptom_2_anxiety,0.0
categorical__Symptom_10_muscle_pain,0.0
categorical__Symptom_2_sweating,0.0
categorical__Symptom_2_blackheads,0.0
categorical__Symptom_9_pain_behind_the_eyes,0.0
categorical__Symptom_2_weakness_of_one_body_side,0.0
categorical__Symptom_3_altered_sensorium,0.0
categorical__Symptom_3_silver_like_dusting,0.0
categorical__Symptom_3_spinning_movements,0.0
categorical__Symptom_3_stomach_pain,0.0
categorical__Symptom_3_weakness_of_one_body_side,0.0
categorical__Symptom_2_swelling_joints,0.0
categorical__Symptom_2_ulcers_on_tongue,0.0
categorical__Symptom_2_neck_pain,0.0
categorical__Symptom_2_nausea,0.0
categorical__Symptom_2_pain_in_anal_region,0.0
categorical__Symptom_2_restlessness,0.0
categorical__Symptom_1_yellowish_skin,0.0
categorical__Symptom_11_belly_pain,0.0
categorical__Symptom_1_weight_gain,0.0
categorical__Symptom_1_weight_loss,0.0
categorical__Symptom_11_malaise,0.0
categorical__Symptom_11_coma,0.0
categorical__Symptom_1_neck_pain,0.0
categorical__Symptom_1_pain_during_bowel_movements,0.0
categorical__Symptom_1_cough,0.0
categorical__Symptom_1_patches_in_throat,0.0
categorical__Symptom_1_indigestion,0.0
categorical__Symptom_1_high_fever,0.0
