Feature,Feature_Value,SHAP_Value
categorical__Symptom_1_acidity,0.0,1.4163989452216718e-05
categorical__Symptom_1_back_pain,0.0,5.055732882529225e-05
categorical__Symptom_1_bladder_discomfort,0.0,0.0
categorical__Symptom_1_breathlessness,0.0,0.0
categorical__Symptom_1_burning_micturition,0.0,0.00013211434417616794
categorical__Symptom_1_chest_pain,0.0,6.77020366946474e-05
categorical__Symptom_1_chills,0.0,5.086001983099588e-05
categorical__Symptom_1_constipation,0.0,8.93051753466283e-05
categorical__Symptom_1_continuous_sneezing,0.0,2.207455679851163e-05
categorical__Symptom_1_cough,0.0,0.0
categorical__Symptom_1_cramps,0.0,0.0
categorical__Symptom_1_fatigue,0.0,0.0004698873817549317
categorical__Symptom_1_headache,0.0,6.902456518530377e-05
categorical__Symptom_1_high_fever,0.0,0.0
categorical__Symptom_1_indigestion,0.0,0.0
categorical__Symptom_1_itching,1.0,-0.0028137014392950405
categorical__Symptom_1_joint_pain,0.0,1.6348223724312998e-05
categorical__Symptom_1_muscle_wasting,0.0,0.0001573588715085983
categorical__Symptom_1_muscle_weakness,0.0,0.00011535896793346639
categorical__Symptom_1_neck_pain,0.0,0.0
categorical__Symptom_1_pain_during_bowel_movements,0.0,0.0
categorical__Symptom_1_patches_in_throat,0.0,0.0
categorical__Symptom_1_shivering,0.0,0.0
categorical__Symptom_1_skin_rash,0.0,-0.0027505745136023113
categorical__Symptom_1_stiff_neck,0.0,0.0
categorical__Symptom_1_stomach_pain,0.0,4.945056300690302e-05
categorical__Symptom_1_sunken_eyes,0.0,0.0
categorical__Symptom_1_vomiting,0.0,0.0005699734383960387
categorical__Symptom_1_weakness_in_limbs,0.0,0.0
categorical__Symptom_1_weight_gain,0.0,0.0
categorical__Symptom_1_weight_loss,0.0,0.0
categorical__Symptom_1_yellowish_skin,0.0,0.0
categorical__Symptom_2_abdominal_pain,0.0,0.0
categorical__Symptom_2_acidity,0.0,4.0496529824821094e-05
categorical__Symptom_2_anxiety,0.0,0.0
categorical__Symptom_2_blackheads,0.0,0.0
categorical__Symptom_2_bladder_discomfort,0.0,8.591143153115238e-05
categorical__Symptom_2_blister,0.0,0.0
categorical__Symptom_2_breathlessness,0.0,0.0001140841182273625
categorical__Symptom_2_bruising,0.0,1.6494171510549986e-05
categorical__Symptom_2_chest_pain,0.0,4.03311909443469e-05
categorical__Symptom_2_chills,0.0,1.3425582391556972e-05
categorical__Symptom_2_cold_hands_and_feets,0.0,0.0
categorical__Symptom_2_cough,0.0,3.38597539544043e-06
categorical__Symptom_2_cramps,0.0,2.91070397186512e-05
categorical__Symptom_2_dehydration,0.0,0.0
categorical__Symptom_2_dizziness,0.0,6.620614026083543e-05
categorical__Symptom_2_fatigue,0.0,7.666599256453294e-05
categorical__Symptom_2_foul_smell_of urine,0.0,4.2377927934469685e-05
categorical__Symptom_2_headache,0.0,7.045305199524199e-05
categorical__Symptom_2_high_fever,0.0,-0.0022909794102155736
categorical__Symptom_2_indigestion,0.0,5.289063810829505e-05
categorical__Symptom_2_joint_pain,0.0,0.0
categorical__Symptom_2_knee_pain,0.0,0.0
categorical__Symptom_2_lethargy,0.0,0.0
categorical__Symptom_2_loss_of_appetite,0.0,0.0
categorical__Symptom_2_mood_swings,0.0,0.0
categorical__Symptom_2_nausea,0.0,0.0
categorical__Symptom_2_neck_pain,0.0,0.0
categorical__Symptom_2_nodal_skin_eruptions,0.0,0.0
categorical__Symptom_2_pain_during_bowel_movements,0.0,0.000123191924019837
categorical__Symptom_2_pain_in_anal_region,0.0,0.0
categorical__Symptom_2_patches_in_throat,0.0,0.00016641137544894457
categorical__Symptom_2_pus_filled_pimples,0.0,0.00016840847284563663
categorical__Symptom_2_restlessness,0.0,0.0
categorical__Symptom_2_shivering,0.0,1.5198426445053075e-05
categorical__Symptom_2_skin_peeling,0.0,0.0
categorical__Symptom_2_skin_rash,1.0,-0.0018598155968004902
categorical__Symptom_2_stiff_neck,0.0,0.00012648069930819574
categorical__Symptom_2_stomach_pain,0.0,5.3425700012720245e-05
categorical__Symptom_2_sunken_eyes,0.0,0.0
categorical__Symptom_2_sweating,0.0,0.0
categorical__Symptom_2_swelling_joints,0.0,0.0
categorical__Symptom_2_ulcers_on_tongue,0.0,0.0
categorical__Symptom_2_vomiting,0.0,9.131006446075816e-05
categorical__Symptom_2_weakness_in_limbs,0.0,5.440772128317103e-05
categorical__Symptom_2_weakness_of_one_body_side,0.0,0.0
categorical__Symptom_2_weight_gain,0.0,5.319745978731924e-07
categorical__Symptom_2_weight_loss,0.0,2.8430936904590277e-05
categorical__Symptom_2_yellowish_skin,0.0,0.00014184233388795116
categorical__Symptom_3_abdominal_pain,0.0,3.591861351301203e-05
categorical__Symptom_3_altered_sensorium,0.0,0.0
categorical__Symptom_3_anxiety,0.0,-1.672736632945789e-05
categorical__Symptom_3_blackheads,0.0,0.00014228058868619826
categorical__Symptom_3_blister,0.0,-0.0012620899890321887
categorical__Symptom_3_bloody_stool,0.0,0.0
categorical__Symptom_3_blurred_and_distorted_vision,0.0,0.0
categorical__Symptom_3_breathlessness,0.0,0.0
categorical__Symptom_3_bruising,0.0,2.9486798131005956e-05
categorical__Symptom_3_burning_micturition,0.0,6.117570351305514e-05
categorical__Symptom_3_chest_pain,0.0,0.0
categorical__Symptom_3_cold_hands_and_feets,0.0,1.8882988816971893e-07
categorical__Symptom_3_continuous_feel_of_urine,0.0,4.6759565587947134e-05
categorical__Symptom_3_cough,0.0,2.3351643475776583e-06
categorical__Symptom_3_dark_urine,0.0,0.0
categorical__Symptom_3_dehydration,0.0,0.0
categorical__Symptom_3_diarrhoea,0.0,0.0
categorical__Symptom_3_dischromic _patches,0.0,0.0
categorical__Symptom_3_dizziness,0.0,6.228752494244054e-05
categorical__Symptom_3_extra_marital_contacts,0.0,0.0
categorical__Symptom_3_fatigue,1.0,-0.0017734263262541607
categorical__Symptom_3_foul_smell_of urine,0.0,6.797042485531295e-05
categorical__Symptom_3_headache,0.0,1.1318220233704716e-05
categorical__Symptom_3_high_fever,0.0,0.0001849679950082323
categorical__Symptom_3_hip_joint_pain,0.0,0.0
categorical__Symptom_3_joint_pain,0.0,2.7912585752299115e-06
categorical__Symptom_3_knee_pain,0.0,0.0
categorical__Symptom_3_lethargy,0.0,6.117317110270599e-06
categorical__Symptom_3_loss_of_appetite,0.0,0.0
categorical__Symptom_3_loss_of_balance,0.0,7.582270049044318e-05
categorical__Symptom_3_mood_swings,0.0,0.0
categorical__Symptom_3_movement_stiffness,0.0,0.0
categorical__Symptom_3_nausea,0.0,0.0001481474835511668
categorical__Symptom_3_neck_pain,0.0,5.774213190752675e-05
categorical__Symptom_3_nodal_skin_eruptions,0.0,6.569856997102707e-05
categorical__Symptom_3_obesity,0.0,2.6876195735685863e-05
categorical__Symptom_3_pain_in_anal_region,0.0,0.00010359966627132192
categorical__Symptom_3_red_sore_around_nose,0.0,-0.0011274816971848427
categorical__Symptom_3_restlessness,0.0,2.9708606135595272e-05
categorical__Symptom_3_scurring,0.0,0.0
categorical__Symptom_3_silver_like_dusting,0.0,0.0
categorical__Symptom_3_skin_peeling,0.0,0.0
categorical__Symptom_3_spinning_movements,0.0,0.0
categorical__Symptom_3_stomach_pain,0.0,0.0
categorical__Symptom_3_sweating,0.0,0.00011458027814193967
categorical__Symptom_3_swelling_joints,0.0,0.00011043195909965098
categorical__Symptom_3_swelling_of_stomach,0.0,0.0
categorical__Symptom_3_ulcers_on_tongue,0.0,4.5464321677024777e-05
categorical__Symptom_3_vomiting,0.0,0.0
categorical__Symptom_3_watering_from_eyes,0.0,2.8810437331827728e-05
categorical__Symptom_3_weakness_of_one_body_side,0.0,0.0
categorical__Symptom_3_weight_loss,0.0,1.2733401237013825e-05
categorical__Symptom_3_yellowish_skin,0.0,2.6286517735169385e-05
categorical__Symptom_4_abdominal_pain,0.0,0.0
categorical__Symptom_4_altered_sensorium,0.0,0.0
categorical__Symptom_4_bloody_stool,0.0,6.592090680264951e-05
categorical__Symptom_4_blurred_and_distorted_vision,0.0,1.0539968052207943e-05
categorical__Symptom_4_breathlessness,0.0,8.029738056797885e-06
categorical__Symptom_4_burning_micturition,0.0,0.0
categorical__Symptom_4_chest_pain,0.0,8.773390775796086e-05
categorical__Symptom_4_continuous_feel_of_urine,0.0,5.7995298214469005e-05
categorical__Symptom_4_cough,0.0,0.0
categorical__Symptom_4_dark_urine,0.0,3.90455831060375e-06
categorical__Symptom_4_diarrhoea,0.0,0.0
categorical__Symptom_4_dischromic _patches,0.0,6.720890715416335e-05
categorical__Symptom_4_distention_of_abdomen,0.0,0.0
categorical__Symptom_4_dizziness,0.0,5.434658965650005e-05
categorical__Symptom_4_excessive_hunger,0.0,0.0
categorical__Symptom_4_extra_marital_contacts,0.0,0.0001133642204546584
categorical__Symptom_4_family_history,0.0,0.0
categorical__Symptom_4_fatigue,0.0,0.0
categorical__Symptom_4_headache,0.0,0.0
categorical__Symptom_4_high_fever,0.0,5.2406646819267566e-05
categorical__Symptom_4_hip_joint_pain,0.0,0.0
categorical__Symptom_4_irregular_sugar_level,0.0,0.0
categorical__Symptom_4_irritation_in_anus,0.0,0.0
categorical__Symptom_4_lack_of_concentration,0.0,9.56576064875334e-05
categorical__Symptom_4_lethargy,1.0,-0.001048792667523633
categorical__Symptom_4_loss_of_appetite,0.0,9.780576036305334e-05
categorical__Symptom_4_loss_of_balance,0.0,6.752773766738397e-05
categorical__Symptom_4_mood_swings,0.0,4.571432588806011e-07
categorical__Symptom_4_movement_stiffness,0.0,9.285257724288878e-05
categorical__Symptom_4_nausea,0.0,9.695150791629635e-06
categorical__Symptom_4_obesity,0.0,2.2543214155780797e-05
categorical__Symptom_4_painful_walking,0.0,0.0
categorical__Symptom_4_passage_of_gases,0.0,3.66430733838925e-05
categorical__Symptom_4_red_sore_around_nose,0.0,-0.0009047228063163102
categorical__Symptom_4_restlessness,0.0,0.0
categorical__Symptom_4_scurring,0.0,0.0001438997772312574
categorical__Symptom_4_silver_like_dusting,0.0,0.0
categorical__Symptom_4_small_dents_in_nails,0.0,0.0
categorical__Symptom_4_spinning_movements,0.0,3.688942222456254e-05
categorical__Symptom_4_spotting_ urination,0.0,6.079247001920065e-05
categorical__Symptom_4_sweating,0.0,-7.701130093605718e-06
categorical__Symptom_4_swelling_joints,0.0,0.0
categorical__Symptom_4_swelling_of_stomach,0.0,0.0
categorical__Symptom_4_swollen_legs,0.0,3.647850058242037e-05
categorical__Symptom_4_vomiting,0.0,3.686898312135644e-05
categorical__Symptom_4_weight_loss,0.0,0.0
categorical__Symptom_4_yellow_crust_ooze,0.0,-0.0013724238763824317
categorical__Symptom_4_yellowing_of_eyes,0.0,0.0
categorical__Symptom_4_yellowish_skin,0.0,0.0
categorical__Symptom_4_nan,0.0,0.0003379531383702477
categorical__Symptom_5_abdominal_pain,0.0,2.752007254430866e-05
categorical__Symptom_5_blurred_and_distorted_vision,0.0,0.0
categorical__Symptom_5_breathlessness,0.0,1.7873279209182435e-06
categorical__Symptom_5_chest_pain,0.0,0.0
categorical__Symptom_5_cough,0.0,2.6044334119629703e-05
categorical__Symptom_5_dark_urine,0.0,0.0
categorical__Symptom_5_diarrhoea,0.0,0.0
categorical__Symptom_5_distention_of_abdomen,0.0,0.0
categorical__Symptom_5_dizziness,0.0,0.0
categorical__Symptom_5_excessive_hunger,0.0,6.606164812300624e-06
categorical__Symptom_5_family_history,0.0,2.7444474858166277e-05
categorical__Symptom_5_fatigue,0.0,1.6576539824394883e-06
categorical__Symptom_5_headache,0.0,9.69365273198059e-06
categorical__Symptom_5_high_fever,1.0,-0.0012247441509562465
categorical__Symptom_5_history_of_alcohol_consumption,0.0,0.0
categorical__Symptom_5_inflammatory_nails,0.0,0.0
categorical__Symptom_5_internal_itching,0.0,3.585870596121615e-05
categorical__Symptom_5_irregular_sugar_level,0.0,1.5982154678922855e-05
categorical__Symptom_5_irritation_in_anus,0.0,7.535197341724987e-05
categorical__Symptom_5_lack_of_concentration,0.0,1.4373194120036678e-05
categorical__Symptom_5_lethargy,0.0,-1.5072213608979842e-07
categorical__Symptom_5_loss_of_appetite,0.0,-1.6200454569588274e-06
categorical__Symptom_5_loss_of_balance,0.0,3.979018794208028e-05
categorical__Symptom_5_mucoid_sputum,0.0,0.0
categorical__Symptom_5_nausea,0.0,2.338550436428778e-05
categorical__Symptom_5_painful_walking,0.0,6.291718281383718e-05
categorical__Symptom_5_passage_of_gases,0.0,0.0
categorical__Symptom_5_small_dents_in_nails,0.0,0.0
categorical__Symptom_5_stiff_neck,0.0,0.0
categorical__Symptom_5_sweating,0.0,2.314250008842675e-06
categorical__Symptom_5_swelling_joints,0.0,0.0
categorical__Symptom_5_swollen_blood_vessels,0.0,2.8918367086894786e-05
categorical__Symptom_5_swollen_legs,0.0,2.140577159068556e-05
categorical__Symptom_5_unsteadiness,0.0,0.0
categorical__Symptom_5_yellow_crust_ooze,0.0,-0.0006346399998964366
categorical__Symptom_5_yellowing_of_eyes,0.0,5.9606521066001366e-05
categorical__Symptom_5_yellowish_skin,0.0,1.6076575085294e-05
categorical__Symptom_5_nan,0.0,-0.00141210628495898
categorical__Symptom_6_abdominal_pain,0.0,-6.697589697562725e-07
categorical__Symptom_6_blurred_and_distorted_vision,0.0,1.2553297955194925e-05
categorical__Symptom_6_breathlessness,0.0,0.0
categorical__Symptom_6_chest_pain,0.0,7.806781082945724e-06
categorical__Symptom_6_constipation,0.0,0.0
categorical__Symptom_6_dark_urine,0.0,1.787549614882509e-05
categorical__Symptom_6_depression,0.0,0.0
categorical__Symptom_6_diarrhoea,0.0,8.059946367148845e-06
categorical__Symptom_6_dizziness,0.0,-1.1815807091489843e-06
categorical__Symptom_6_family_history,0.0,4.1275371534465425e-06
categorical__Symptom_6_fast_heart_rate,0.0,0.0
categorical__Symptom_6_fluid_overload,0.0,0.0
categorical__Symptom_6_headache,1.0,-0.0009280594293127587
categorical__Symptom_6_high_fever,0.0,-1.946902771047147e-06
categorical__Symptom_6_history_of_alcohol_consumption,0.0,0.0
categorical__Symptom_6_inflammatory_nails,0.0,0.0
categorical__Symptom_6_internal_itching,0.0,0.0
categorical__Symptom_6_loss_of_appetite,0.0,1.4704482747085247e-05
categorical__Symptom_6_malaise,0.0,3.363644990200879e-06
categorical__Symptom_6_nausea,0.0,-6.9503363167105406e-06
categorical__Symptom_6_obesity,0.0,0.0
categorical__Symptom_6_painful_walking,0.0,0.0
categorical__Symptom_6_prominent_veins_on_calf,0.0,5.702970873840788e-05
categorical__Symptom_6_puffy_face_and_eyes,0.0,0.0
categorical__Symptom_6_stiff_neck,0.0,6.373581368684983e-06
categorical__Symptom_6_sweating,0.0,4.42679176682146e-07
categorical__Symptom_6_swelled_lymph_nodes,0.0,0.0
categorical__Symptom_6_swollen_blood_vessels,0.0,0.0
categorical__Symptom_6_unsteadiness,0.0,0.0
categorical__Symptom_6_yellowing_of_eyes,0.0,8.725079217446411e-05
categorical__Symptom_6_yellowish_skin,0.0,0.0
categorical__Symptom_6_nan,0.0,-0.0037878989421597717
categorical__Symptom_7_abdominal_pain,0.0,3.6471105789413054e-05
categorical__Symptom_7_blurred_and_distorted_vision,0.0,-1.1296043798982262e-05
categorical__Symptom_7_breathlessness,0.0,0.0
categorical__Symptom_7_constipation,0.0,0.0
categorical__Symptom_7_dark_urine,0.0,0.0
categorical__Symptom_7_depression,0.0,6.486259867638564e-06
categorical__Symptom_7_diarrhoea,0.0,0.0
categorical__Symptom_7_enlarged_thyroid,0.0,0.0
categorical__Symptom_7_excessive_hunger,0.0,-3.914810962806826e-06
categorical__Symptom_7_fast_heart_rate,0.0,0.0
categorical__Symptom_7_fluid_overload,0.0,0.0
categorical__Symptom_7_headache,0.0,-3.072697785877945e-06
categorical__Symptom_7_irritability,0.0,0.0
categorical__Symptom_7_loss_of_appetite,1.0,-0.0011377319678417812
categorical__Symptom_7_malaise,0.0,-2.8163178817489975e-07
categorical__Symptom_7_mild_fever,0.0,0.0
categorical__Symptom_7_muscle_pain,0.0,2.4687323468413048e-05
categorical__Symptom_7_nausea,0.0,-2.0561901806214586e-06
categorical__Symptom_7_obesity,0.0,9.001973318455678e-06
categorical__Symptom_7_phlegm,0.0,3.79043600691421e-06
categorical__Symptom_7_prominent_veins_on_calf,0.0,0.0
categorical__Symptom_7_puffy_face_and_eyes,0.0,-3.3917833860285738e-06
categorical__Symptom_7_sweating,0.0,0.0
categorical__Symptom_7_swelled_lymph_nodes,0.0,0.0
categorical__Symptom_7_yellow_urine,0.0,2.584420433102435e-06
categorical__Symptom_7_nan,0.0,-0.003040247794536513
categorical__Symptom_8_abdominal_pain,0.0,0.0
categorical__Symptom_8_brittle_nails,0.0,0.0
categorical__Symptom_8_chest_pain,0.0,6.289234893456728e-06
categorical__Symptom_8_diarrhoea,0.0,-1.6761580136684183e-06
categorical__Symptom_8_drying_and_tingling_lips,0.0,-7.855399979161766e-06
categorical__Symptom_8_enlarged_thyroid,0.0,-3.126687016284426e-06
categorical__Symptom_8_excessive_hunger,0.0,-9.376068517430693e-06
categorical__Symptom_8_increased_appetite,0.0,0.0
categorical__Symptom_8_irritability,0.0,6.794672088173211e-06
categorical__Symptom_8_loss_of_appetite,0.0,-1.6687564986227763e-06
categorical__Symptom_8_malaise,0.0,0.0
categorical__Symptom_8_mild_fever,1.0,-0.0009699105433246979
categorical__Symptom_8_muscle_weakness,0.0,0.0
categorical__Symptom_8_nausea,0.0,-1.8814091350344513e-06
categorical__Symptom_8_phlegm,0.0,-3.658294668007383e-06
categorical__Symptom_8_sweating,0.0,0.0
categorical__Symptom_8_swelled_lymph_nodes,0.0,0.0
categorical__Symptom_8_visual_disturbances,0.0,0.0
categorical__Symptom_8_yellow_urine,0.0,0.0
categorical__Symptom_8_yellowing_of_eyes,0.0,6.799088025949755e-06
categorical__Symptom_8_nan,0.0,-0.0028242974358203793
categorical__Symptom_9_abdominal_pain,0.0,-2.4923986815441956e-06
categorical__Symptom_9_brittle_nails,0.0,-3.0950422166994195e-06
categorical__Symptom_9_chest_pain,0.0,-3.6209175421589252e-06
categorical__Symptom_9_diarrhoea,0.0,0.0
categorical__Symptom_9_fast_heart_rate,0.0,6.815403924905415e-06
categorical__Symptom_9_increased_appetite,0.0,-3.665093757627725e-06
categorical__Symptom_9_irritability,0.0,0.0
categorical__Symptom_9_loss_of_appetite,0.0,-1.4329729897630946e-06
categorical__Symptom_9_malaise,1.0,-0.0011261960176200845
categorical__Symptom_9_mild_fever,0.0,-3.9416977944417905e-06
categorical__Symptom_9_muscle_weakness,0.0,0.0
categorical__Symptom_9_pain_behind_the_eyes,0.0,0.0
categorical__Symptom_9_phlegm,0.0,0.0
categorical__Symptom_9_polyuria,0.0,0.0
categorical__Symptom_9_slurred_speech,0.0,-3.656015394729912e-06
categorical__Symptom_9_swelled_lymph_nodes,0.0,5.252554659534092e-06
categorical__Symptom_9_swollen_extremeties,0.0,0.0
categorical__Symptom_9_throat_irritation,0.0,0.0
categorical__Symptom_9_toxic_look_(typhos),0.0,0.0
categorical__Symptom_9_visual_disturbances,0.0,-5.013320325121837e-06
categorical__Symptom_9_yellowing_of_eyes,0.0,0.0
categorical__Symptom_9_nan,0.0,-0.0021807788104816444
categorical__Symptom_10_abnormal_menstruation,0.0,0.0
categorical__Symptom_10_acute_liver_failure,0.0,0.0
categorical__Symptom_10_back_pain,0.0,0.0
categorical__Symptom_10_belly_pain,0.0,0.0
categorical__Symptom_10_depression,0.0,0.0
categorical__Symptom_10_fast_heart_rate,0.0,-3.5030715350574214e-06
categorical__Symptom_10_irritability,0.0,-6.180524910549987e-07
categorical__Symptom_10_malaise,0.0,5.566035222788985e-06
categorical__Symptom_10_mild_fever,0.0,0.0
categorical__Symptom_10_muscle_pain,0.0,0.0
categorical__Symptom_10_pain_behind_the_eyes,0.0,-2.8049576558655945e-06
categorical__Symptom_10_polyuria,0.0,-3.7265166695563736e-06
categorical__Symptom_10_receiving_blood_transfusion,0.0,2.5556563292847744e-06
categorical__Symptom_10_red_spots_over_body,1.0,-0.0009931114126488169
categorical__Symptom_10_redness_of_eyes,0.0,0.0
categorical__Symptom_10_rusty_sputum,0.0,6.950008024760059e-06
categorical__Symptom_10_swollen_extremeties,0.0,-3.6102553969073666e-06
categorical__Symptom_10_throat_irritation,0.0,0.0
categorical__Symptom_10_toxic_look_(typhos),0.0,0.0
categorical__Symptom_10_yellowing_of_eyes,0.0,-4.626998965442344e-06
categorical__Symptom_10_nan,0.0,-0.002015916879879052
categorical__Symptom_11_abnormal_menstruation,0.0,0.0
categorical__Symptom_11_acute_liver_failure,0.0,-6.16383170195986e-06
categorical__Symptom_11_back_pain,0.0,-2.126180939515465e-06
categorical__Symptom_11_belly_pain,0.0,0.0
categorical__Symptom_11_coma,0.0,0.0
categorical__Symptom_11_depression,0.0,-3.2601048841200147e-06
categorical__Symptom_11_irritability,0.0,-1.050491990544875e-05
categorical__Symptom_11_malaise,0.0,0.0
categorical__Symptom_11_muscle_pain,0.0,-3.7879420143135796e-06
categorical__Symptom_11_palpitations,0.0,-2.020734840540392e-06
categorical__Symptom_11_receiving_blood_transfusion,0.0,0.0
categorical__Symptom_11_receiving_unsterile_injections,0.0,2.1949299304518293e-06
categorical__Symptom_11_red_spots_over_body,0.0,5.2245387374130776e-06
categorical__Symptom_11_redness_of_eyes,0.0,0.0
categorical__Symptom_11_rusty_sputum,0.0,-3.513585527162196e-06
categorical__Symptom_11_sinus_pressure,0.0,0.0
categorical__Symptom_11_swelled_lymph_nodes,0.0,0.0
categorical__Symptom_11_yellowing_of_eyes,0.0,0.0
categorical__Symptom_11_nan,1.0,0.00016734621951342287
categorical__Symptom_12_abnormal_menstruation,0.0,0.0
categorical__Symptom_12_coma,0.0,-6.147681983659314e-06
categorical__Symptom_12_irritability,0.0,-3.2264988332844356e-06
categorical__Symptom_12_malaise,0.0,-2.9450383775401524e-06
categorical__Symptom_12_muscle_pain,0.0,0.0
categorical__Symptom_12_receiving_unsterile_injections,0.0,0.0
categorical__Symptom_12_runny_nose,0.0,0.0
categorical__Symptom_12_sinus_pressure,0.0,0.0
categorical__Symptom_12_stomach_bleeding,0.0,0.0
categorical__Symptom_12_swelled_lymph_nodes,0.0,0.0
categorical__Symptom_12_nan,1.0,2.7979128635972247e-05
categorical__Symptom_13_abnormal_menstruation,0.0,-2.8184696455056593e-06
categorical__Symptom_13_congestion,0.0,0.0
categorical__Symptom_13_malaise,0.0,0.0
categorical__Symptom_13_muscle_pain,0.0,-2.367415535264084e-06
categorical__Symptom_13_phlegm,0.0,0.0
categorical__Symptom_13_red_spots_over_body,0.0,0.0
categorical__Symptom_13_runny_nose,0.0,0.0
categorical__Symptom_13_stomach_bleeding,0.0,-6.054004135572909e-06
categorical__Symptom_13_nan,1.0,1.0757587978023289e-05
categorical__Symptom_14_chest_pain,0.0,0.0
categorical__Symptom_14_congestion,0.0,0.0
categorical__Symptom_14_phlegm,0.0,0.0
categorical__Symptom_14_red_spots_over_body,0.0,-1.8536873634145783e-05
categorical__Symptom_14_nan,1.0,-1.2784552225211834e-05
categorical__Symptom_15_blood_in_sputum,0.0,0.0
categorical__Symptom_15_chest_pain,0.0,0.0
categorical__Symptom_15_loss_of_smell,0.0,0.0
categorical__Symptom_15_nan,1.0,0.0
categorical__Symptom_16_blood_in_sputum,0.0,0.0
categorical__Symptom_16_loss_of_smell,0.0,0.0
categorical__Symptom_16_muscle_pain,0.0,0.0
categorical__Symptom_16_nan,1.0,0.0
categorical__Symptom_17_muscle_pain,0.0,0.0
categorical__Symptom_17_nan,1.0,0.0
numerical__Symptom_Count,0.6757268214676221,-0.007220157805176745
