,fatigue,vomiting,high_fever,loss_of_appetite,nausea,headache,abdominal_pain,yellowish_skin,yellowing_of_eyes,chills,skin_rash,malaise,chest_pain,joint_pain,itching,sweating,dark_urine,cough,diarrhoea,irritability
fatigue,1.0,0.0088826547985673,0.41223608948476237,0.31611501251283874,0.2067602352732853,0.10544570746449351,0.1500202854000268,0.1947953599914538,0.2591231160864222,0.2694370225543244,-0.10524814331499709,0.4645031462961565,0.08203801611893592,0.06665200555921516,0.06974379677464285,0.20014897037405144,0.27071284160990644,0.2593623688050421,0.0006882681171296998,0.2114010329061579
vomiting,0.0088826547985673,1.0,0.11567794906270412,0.3148879466845986,0.5248840164892865,0.1988230542693497,0.47976784365441827,0.31456962817921763,0.26962941054215467,0.14426259388922835,-0.22504559420700787,-0.06090560256277265,0.056511130195654784,0.19992134349775395,-0.05776309825980386,0.1889712635424525,0.2738837030219434,-0.012313868940436477,0.262497980663394,-0.0994679942437475
high_fever,0.41223608948476237,0.11567794906270412,1.0,0.14062752787846683,0.13621998363109816,0.2567980078629095,0.056136310585205774,-0.0426312172420541,0.002573680946800397,0.5410930121862171,0.11705909527297091,0.46454652250896344,0.19464571441390394,0.03499007633799924,0.037308649249687874,0.1796388800394006,0.08261693950769856,0.38480610279888083,0.08536639914051375,-0.20201797969058805
loss_of_appetite,0.31611501251283874,0.3148879466845986,0.14062752787846683,1.0,0.4515554872725596,-0.04276337746259665,0.4861362402385672,0.544035415331534,0.7677243886040965,0.05358098421395843,0.049730665657235724,0.4084484093162564,-0.059175275223342996,0.39378299583520743,0.23010258641255807,-0.062314356114913545,0.45671032896420877,-0.02720711435339669,-0.03624675526497898,-0.18054074662063202
nausea,0.2067602352732853,0.5248840164892865,0.13621998363109816,0.4515554872725596,1.0,0.3286682912417705,0.3609524113457028,0.4053364515845294,0.4601397671808903,0.1958247871186509,-0.09066313505171063,-0.06807436152598917,-0.22368353933541849,0.3873188025788953,-0.06964411697522035,0.08101500167555699,0.28730930537903143,-0.1982836831299119,0.28168784793982043,0.005854864332274727
headache,0.10544570746449351,0.1988230542693497,0.2567980078629095,-0.04276337746259665,0.3286682912417705,1.0,-0.15394022321184872,-0.2610656814937701,-0.24403809479068395,0.340489960317035,0.05379243230848937,0.2403745569967496,0.0686613742334805,-0.060895176155694654,-0.06758525764561757,0.0836286885192022,-0.19811119691054804,-0.033320472969047686,0.12119961791203172,0.18441923824941753
abdominal_pain,0.1500202854000268,0.47976784365441827,0.056136310585205774,0.4861362402385672,0.3609524113457028,-0.15394022321184872,1.0,0.733179948388994,0.527263847453597,-0.07229843723551992,-0.22464810391489354,-0.047458718050974805,-0.2091314677883364,0.26915187352807735,0.2632818164115612,-0.20597107485811922,0.6651766732831935,-0.18538403771077072,0.15309547696154155,-0.1682213686878805
yellowish_skin,0.1947953599914538,0.31456962817921763,-0.0426312172420541,0.544035415331534,0.4053364515845294,-0.2610656814937701,0.733179948388994,1.0,0.7154053879865387,-0.2098848129851767,-0.20799821100580532,-0.02411742694088839,-0.19363159718219378,0.2981440842749393,0.30093620144110483,-0.1907054381623538,0.7098278929850744,-0.17164421831702217,0.005670217738356239,-0.15575356804828866
yellowing_of_eyes,0.2591231160864222,0.26962941054215467,0.002573680946800397,0.7677243886040965,0.4601397671808903,-0.24403809479068395,0.527263847453597,0.7154053879865387,1.0,-0.027203566032201035,-0.1944318642086185,0.1930679218209688,0.007159319768357922,0.35151982088333794,0.1736734312778788,0.0024591749553105917,0.6069168561469745,0.035091943777151614,0.03509194377715151,-0.14559479356256289
chills,0.2694370225543244,0.14426259388922835,0.5410930121862171,0.05358098421395843,0.1958247871186509,0.340489960317035,-0.07229843723551992,-0.2098848129851767,-0.027203566032201035,1.0,-0.029323899245996078,0.5109979292621266,0.3624860478135245,-0.0046877785542388944,-0.17590450690530532,0.3423636124484061,-0.15927229988991132,0.40242980159018166,0.2155123155472877,-0.14366530315172008
skin_rash,-0.10524814331499709,-0.22504559420700787,0.11705909527297091,0.049730665657235724,-0.09066313505171063,0.05379243230848937,-0.22464810391489354,-0.20799821100580532,-0.1944318642086185,-0.029323899245996078,1.0,0.17424151254883882,-0.17699813973556572,0.17113394987754885,0.31815806405108316,-0.17432334538062005,-0.15784064110546822,-0.1568995338601272,-0.1568995338601274,-0.14237393174929136
malaise,0.4645031462961565,-0.06090560256277265,0.46454652250896344,0.4084484093162564,-0.06807436152598917,0.2403745569967496,-0.047458718050974805,-0.02411742694088839,0.1930679218209688,0.5109979292621266,0.17424151254883882,1.0,0.4147054014681802,0.01747729540422117,0.22129862108743847,0.2111829586039285,0.05932258453919917,0.4551735522356438,-0.14679487207458816,-0.13320474945786012
chest_pain,0.08203801611893592,0.056511130195654784,0.19464571441390394,-0.059175275223342996,-0.22368353933541849,0.0686613742334805,-0.2091314677883364,-0.19363159718219378,0.007159319768357922,0.3624860478135245,-0.17699813973556572,0.4147054014681802,1.0,-0.16311456422108725,-0.1622826832450515,0.3960747331687287,-0.14693845341131445,0.6777485897332959,-0.1460623492460249,-0.1325400428610151
joint_pain,0.06665200555921516,0.19992134349775395,0.03499007633799924,0.39378299583520743,0.3873188025788953,-0.060895176155694654,0.26915187352807735,0.2981440842749393,0.35151982088333794,-0.0046877785542388944,0.17113394987754885,0.01747729540422117,-0.16311456422108725,1.0,-0.16064957833908944,-0.1606495783390897,0.4492732280399562,-0.1445924749848883,0.054566253157790935,-0.13120624809065162
itching,0.06974379677464285,-0.05776309825980386,0.037308649249687874,0.23010258641255807,-0.06964411697522035,-0.06758525764561757,0.2632818164115612,0.30093620144110483,0.1736734312778788,-0.17590450690530532,0.31815806405108316,0.22129862108743847,-0.1622826832450515,-0.16064957833908944,1.0,-0.15983026874115946,0.253239510179161,-0.14385505628906392,-0.14385505628906362,-0.13053709888104617
sweating,0.20014897037405144,0.1889712635424525,0.1796388800394006,-0.062314356114913545,0.08101500167555699,0.0836286885192022,-0.20597107485811922,-0.1907054381623538,0.0024591749553105917,0.3423636124484061,-0.17432334538062005,0.2111829586039285,0.3960747331687287,-0.1606495783390897,-0.15983026874115946,1.0,-0.14471792077579404,0.2559379451845924,0.2448325840325451,0.32510712662958546
dark_urine,0.27071284160990644,0.2738837030219434,0.08261693950769856,0.45671032896420877,0.28730930537903143,-0.19811119691054804,0.6651766732831935,0.7098278929850744,0.6069168561469745,-0.15927229988991132,-0.15784064110546822,0.05932258453919917,-0.14693845341131445,0.4492732280399562,0.253239510179161,-0.14471792077579404,1.0,-0.13025320424726938,0.0850365264010728,-0.11819449271378553
cough,0.2593623688050421,-0.012313868940436477,0.38480610279888083,-0.02720711435339669,-0.1982836831299119,-0.033320472969047686,-0.18538403771077072,-0.17164421831702217,0.035091943777151614,0.40242980159018166,-0.1568995338601272,0.4551735522356438,0.6777485897332959,-0.1445924749848883,-0.14385505628906392,0.2559379451845924,-0.13025320424726938,1.0,-0.1294765840220385,-0.11748977121320599
diarrhoea,0.0006882681171296998,0.262497980663394,0.08536639914051375,-0.03624675526497898,0.28168784793982043,0.12119961791203172,0.15309547696154155,0.005670217738356239,0.03509194377715151,0.2155123155472877,-0.1568995338601274,-0.14679487207458816,-0.1460623492460249,0.054566253157790935,-0.14385505628906362,0.2448325840325451,0.0850365264010728,-0.1294765840220385,1.0,0.12900775578676013
irritability,0.2114010329061579,-0.0994679942437475,-0.20201797969058805,-0.18054074662063202,0.005854864332274727,0.18441923824941753,-0.1682213686878805,-0.15575356804828866,-0.14559479356256289,-0.14366530315172008,-0.14237393174929136,-0.13320474945786012,-0.1325400428610151,-0.13120624809065162,-0.13053709888104617,0.32510712662958546,-0.11819449271378553,-0.11748977121320599,0.12900775578676013,1.0
