Symptom_Pair,Frequency
"('fatigue', 'high_fever')",978
"('nausea', 'vomiting')",978
"('abdominal_pain', 'vomiting')",870
"('loss_of_appetite', 'yellowing_of_eyes')",786
"('fatigue', 'loss_of_appetite')",774
"('loss_of_appetite', 'vomiting')",768
"('abdominal_pain', 'yellowish_skin')",762
"('fatigue', 'vomiting')",762
"('fatigue', 'malaise')",666
"('loss_of_appetite', 'nausea')",666
"('chills', 'high_fever')",660
"('yellowing_of_eyes', 'yellowish_skin')",660
"('fatigue', 'nausea')",660
"('high_fever', 'vomiting')",654
"('loss_of_appetite', 'yellowish_skin')",654
"('abdominal_pain', 'loss_of_appetite')",654
"('vomiting', 'yellowish_skin')",648
"('headache', 'vomiting')",642
"('abdominal_pain', 'yellowing_of_eyes')",564
"('vomiting', 'yellowing_of_eyes')",558
"('fatigue', 'yellowing_of_eyes')",552
"('headache', 'nausea')",552
"('chills', 'fatigue')",552
"('headache', 'high_fever')",552
"('fatigue', 'headache')",552
"('abdominal_pain', 'fatigue')",552
"('high_fever', 'malaise')",552
"('abdominal_pain', 'dark_urine')",546
"('nausea', 'yellowing_of_eyes')",546
"('abdominal_pain', 'nausea')",546
"('nausea', 'yellowish_skin')",540
"('dark_urine', 'yellowish_skin')",540
"('fatigue', 'yellowish_skin')",540
"('loss_of_appetite', 'malaise')",462
"('dark_urine', 'yellowing_of_eyes')",450
"('chest_pain', 'cough')",450
"('high_fever', 'loss_of_appetite')",450
"('joint_pain', 'loss_of_appetite')",444
"('high_fever', 'nausea')",444
"('chills', 'headache')",444
"('chills', 'malaise')",438
"('chills', 'vomiting')",438
"('joint_pain', 'nausea')",438
"('dark_urine', 'loss_of_appetite')",438
"('joint_pain', 'vomiting')",432
"('fatigue', 'sweating')",432
"('fatigue', 'weight_loss')",432
"('dark_urine', 'vomiting')",432
"('dark_urine', 'fatigue')",432
"('fatigue', 'lethargy')",426
"('cough', 'high_fever')",426
"('cough', 'fatigue')",420
"('sweating', 'vomiting')",420
"('diarrhoea', 'vomiting')",420
"('11', 'fatigue')",366
"('chest_pain', 'phlegm')",354
"('chest_pain', 'malaise')",348
"('muscle_pain', 'nausea')",342
"('chest_pain', 'high_fever')",342
"('malaise', 'phlegm')",342
"('headache', 'muscle_pain')",342
"('chest_pain', 'fatigue')",342
"('excessive_hunger', 'irritability')",342
"('loss_of_appetite', 'mild_fever')",342
"('chest_pain', 'chills')",342
"('malaise', 'swelled_lymph_nodes')",342
"('joint_pain', 'yellowing_of_eyes')",336
"('fatigue', 'irritability')",336
"('muscle_pain', 'vomiting')",336
"('high_fever', 'muscle_pain')",336
"('fatigue', 'phlegm')",336
"('chills', 'phlegm')",336
"('chills', 'nausea')",336
"('headache', 'malaise')",336
"('chills', 'muscle_pain')",336
"('abdominal_pain', 'high_fever')",336
"('cough', 'phlegm')",336
"('high_fever', 'phlegm')",336
"('breathlessness', 'chest_pain')",330
"('chest_pain', 'sweating')",330
"('abdominal_pain', 'joint_pain')",330
"('blurred_and_distorted_vision', 'excessive_hunger')",330
"('fatigue', 'swelled_lymph_nodes')",330
"('high_fever', 'swelled_lymph_nodes')",330
"('excessive_hunger', 'fatigue')",330
"('cough', 'malaise')",330
"('fatigue', 'joint_pain')",324
"('itching', 'loss_of_appetite')",324
"('fatigue', 'itching')",324
"('breathlessness', 'high_fever')",324
"('abdominal_pain', 'itching')",324
"('itching', 'yellowish_skin')",324
"('dark_urine', 'joint_pain')",324
"('joint_pain', 'yellowish_skin')",324
"('high_fever', 'sweating')",324
"('chills', 'cough')",324
"('dark_urine', 'nausea')",324
"('chills', 'sweating')",324
"('breathlessness', 'cough')",318
"('chest_pain', 'vomiting')",318
"('diarrhoea', 'nausea')",318
"('breathlessness', 'fatigue')",318
"('breathlessness', 'sweating')",312
"('high_fever', 'skin_rash')",312
"('itching', 'skin_rash')",306
"('6', 'vomiting')",288
"('10', 'fatigue')",252
"('7', 'vomiting')",240
"('abnormal_menstruation', 'irritability')",240
"('malaise', 'yellowing_of_eyes')",240
"('mild_fever', 'yellowing_of_eyes')",240
"('chest_pain', 'swelled_lymph_nodes')",234
"('4', 'vomiting')",234
"('malaise', 'mild_fever')",234
"('phlegm', 'swelled_lymph_nodes')",234
"('irritability', 'sweating')",228
"('abnormal_menstruation', 'mood_swings')",228
"('irritability', 'mood_swings')",228
"('mild_fever', 'swelled_lymph_nodes')",228
"('malaise', 'red_spots_over_body')",228
"('loss_of_appetite', 'muscle_pain')",228
"('mild_fever', 'vomiting')",228
"('high_fever', 'yellowing_of_eyes')",228
"('chills', 'loss_of_appetite')",228
"('loss_of_appetite', 'swelled_lymph_nodes')",228
"('itching', 'malaise')",228
"('headache', 'red_spots_over_body')",228
"('loss_of_appetite', 'red_spots_over_body')",228
"('headache', 'loss_of_appetite')",228
"('lethargy', 'malaise')",228
"('depression', 'irritability')",228
"('4', 'skin_rash')",228
"('12', 'fatigue')",222
"('malaise', 'muscle_pain')",222
"('abnormal_menstruation', 'fatigue')",222
"('cough', 'swelled_lymph_nodes')",222
"('malaise', 'sweating')",222
"('malaise', 'vomiting')",222
"('fatigue', 'muscle_pain')",222
"('joint_pain', 'muscle_pain')",222
"('itching', 'yellowing_of_eyes')",222
"('fast_heart_rate', 'fatigue')",222
"('fast_heart_rate', 'sweating')",222
"('diarrhoea', 'fatigue')",222
"('loss_of_appetite', 'skin_rash')",222
"('excessive_hunger', 'sweating')",222
"('fatigue', 'red_spots_over_body')",222
"('fatigue', 'mild_fever')",222
"('excessive_hunger', 'headache')",222
"('high_fever', 'mild_fever')",222
"('diarrhoea', 'muscle_pain')",222
"('high_fever', 'red_spots_over_body')",222
"('headache', 'skin_rash')",222
"('headache', 'irritability')",222
"('breathlessness', 'malaise')",222
"('breathlessness', 'phlegm')",222
"('chills', 'swelled_lymph_nodes')",222
"('phlegm', 'sweating')",222
"('red_spots_over_body', 'skin_rash')",222
"('malaise', 'skin_rash')",222
"('blurred_and_distorted_vision', 'irritability')",222
"('fatigue', 'restlessness')",216
"('dark_urine', 'itching')",216
"('chills', 'diarrhoea')",216
"('headache', 'sweating')",216
"('nausea', 'sweating')",216
"('vomiting', 'weight_loss')",216
"('high_fever', 'itching')",216
"('high_fever', 'weight_loss')",216
"('high_fever', 'yellowish_skin')",216
"('itching', 'lethargy')",216
"('breathlessness', 'chills')",216
"('diarrhoea', 'high_fever')",216
"('headache', 'swelled_lymph_nodes')",216
"('blurred_and_distorted_vision', 'headache')",216
"('fatigue', 'skin_rash')",216
"('lethargy', 'loss_of_appetite')",216
"('blurred_and_distorted_vision', 'fatigue')",216
"('11', 'diarrhoea')",216
"('painful_walking', 'swelling_joints')",216
"('fatigue', 'obesity')",216
"('sweating', 'weight_loss')",216
"('abdominal_pain', 'diarrhoea')",216
"('excessive_hunger', 'weight_loss')",216
"('restlessness', 'weight_loss')",216
"('excessive_hunger', 'restlessness')",216
"('cough', 'sweating')",216
"('itching', 'vomiting')",216
"('joint_pain', 'skin_rash')",216
"('high_fever', 'joint_pain')",216
"('dark_urine', 'high_fever')",216
"('diarrhoea', 'headache')",210
"('fatigue', 'mood_swings')",210
"('cough', 'vomiting')",210
"('dizziness', 'loss_of_balance')",210
"('family_history', 'fatigue')",210
"('diarrhoea', 'sweating')",210
"('11', 'high_fever')",210
"('chest_pain', 'headache')",210
"('headache', 'loss_of_balance')",210
"('breathlessness', 'vomiting')",204
"('chills', 'continuous_sneezing')",204
"('7', 'abdominal_pain')",198
"('7', 'yellowish_skin')",198
"('8', 'vomiting')",192
"('6', 'fatigue')",192
"('6', 'nausea')",192
"('13', 'fatigue')",192
"('5', 'loss_of_balance')",186
"('11', 'abdominal_pain')",186
"('11', 'vomiting')",186
"('11', 'malaise')",186
"('11', 'sweating')",186
"('6', 'loss_of_appetite')",186
"('11', 'nausea')",186
"('11', 'loss_of_appetite')",180
"('11', 'headache')",180
"('5', 'skin_rash')",174
"('6', 'joint_pain')",168
"('6', 'yellowish_skin')",150
"('6', 'family_history')",150
"('5', 'dizziness')",150
"('6', 'abdominal_pain')",144
"('11', 'fast_heart_rate')",144
"('11', 'chills')",144
"('8', 'high_fever')",144
"('6', 'cough')",138
"('10', 'high_fever')",138
"('11', 'mild_fever')",138
"('13', 'nausea')",126
"('10', 'diarrhoea')",126
"('13', 'loss_of_appetite')",126
"('irritability', 'palpitations')",120
"('irritability', 'slurred_speech')",120
"('brittle_nails', 'enlarged_thyroid')",120
"('brittle_nails', 'irritability')",120
"('back_pain', 'loss_of_appetite')",120
"('loss_of_appetite', 'pain_behind_the_eyes')",120
"('headache', 'pain_behind_the_eyes')",120
"('abdominal_pain', 'stomach_bleeding')",120
"('5', 'high_fever')",120
"('loss_of_appetite', 'phlegm')",120
"('abdominal_pain', 'coma')",120
"('coma', 'yellowing_of_eyes')",120
"('chest_pain', 'fast_heart_rate')",120
"('abnormal_menstruation', 'enlarged_thyroid')",120
"('palpitations', 'slurred_speech')",120
"('brittle_nails', 'swollen_extremeties')",120
"('back_pain', 'headache')",120
"('13', 'vomiting')",120
"('back_pain', 'pain_behind_the_eyes')",120
"('back_pain', 'nausea')",120
"('abnormal_menstruation', 'brittle_nails')",120
"('nausea', 'pain_behind_the_eyes')",120
"('coma', 'stomach_bleeding')",120
"('phlegm', 'yellowing_of_eyes')",120
"('coma', 'loss_of_appetite')",120
"('chest_pain', 'congestion')",120
"('muscle_pain', 'yellowing_of_eyes')",120
"('11', 'yellowing_of_eyes')",120
"('increased_appetite', 'polyuria')",120
"('malaise', 'receiving_blood_transfusion')",120
"('receiving_blood_transfusion', 'receiving_unsterile_injections')",120
"('malaise', 'receiving_unsterile_injections')",120
"('receiving_unsterile_injections', 'yellowing_of_eyes')",120
"('mild_fever', 'muscle_pain')",120
"('5', 'chest_pain')",120
"('5', 'vomiting')",120
"('7', 'itching')",120
"('12', 'abdominal_pain')",120
"('receiving_blood_transfusion', 'yellowing_of_eyes')",120
"('12', 'loss_of_appetite')",120
"('4', 'itching')",120
"('10', 'lethargy')",120
"('chest_pain', 'redness_of_eyes')",120
"('chest_pain', 'muscle_pain')",120
"('chest_pain', 'loss_of_smell')",120
"('7', 'nausea')",120
"('5', 'painful_walking')",120
"('5', 'swelling_joints')",120
"('fast_heart_rate', 'rusty_sputum')",120
"('chest_pain', 'rusty_sputum')",120
"('abnormal_menstruation', 'depression')",120
"('swelled_lymph_nodes', 'yellowing_of_eyes')",120
"('chest_pain', 'loss_of_appetite')",120
"('13', 'high_fever')",120
"('excessive_hunger', 'slurred_speech')",120
"('stomach_bleeding', 'yellowing_of_eyes')",120
"('mild_fever', 'phlegm')",120
"('chest_pain', 'yellowing_of_eyes')",120
"('blood_in_sputum', 'yellowing_of_eyes')",120
"('blood_in_sputum', 'chest_pain')",120
"('8', 'headache')",120
"('excessive_hunger', 'palpitations')",120
"('phlegm', 'throat_irritation')",120
"('loss_of_smell', 'redness_of_eyes')",120
"('loss_of_smell', 'phlegm')",120
"('loss_of_smell', 'muscle_pain')",120
"('loss_of_smell', 'runny_nose')",120
"('redness_of_eyes', 'throat_irritation')",120
"('redness_of_eyes', 'runny_nose')",120
"('redness_of_eyes', 'sinus_pressure')",120
"('loss_of_appetite', 'stomach_bleeding')",120
"('sinus_pressure', 'throat_irritation')",120
"('runny_nose', 'throat_irritation')",120
"('runny_nose', 'sinus_pressure')",120
"('chest_pain', 'mild_fever')",120
"('depression', 'swollen_extremeties')",120
"('13', 'joint_pain')",120
"('brittle_nails', 'depression')",120
"('depression', 'enlarged_thyroid')",120
"('abnormal_menstruation', 'swollen_extremeties')",120
"('12', 'irritability')",120
"('11', 'excessive_hunger')",120
"('irritability', 'muscle_weakness')",120
"('enlarged_thyroid', 'irritability')",120
"('8', 'nausea')",120
"('4', 'burning_micturition')",120
"('enlarged_thyroid', 'swollen_extremeties')",120
"('11', 'irritability')",120
"('blood_in_sputum', 'loss_of_appetite')",120
"('irritability', 'swollen_extremeties')",120
"('blood_in_sputum', 'malaise')",120
"('blood_in_sputum', 'mild_fever')",120
"('blood_in_sputum', 'phlegm')",120
"('blood_in_sputum', 'swelled_lymph_nodes')",120
"('loss_of_smell', 'sinus_pressure')",120
"('loss_of_smell', 'throat_irritation')",120
"('8', 'dark_urine')",120
"('8', 'fatigue')",120
"('muscle_pain', 'runny_nose')",120
"('muscle_pain', 'sinus_pressure')",120
"('muscle_pain', 'throat_irritation')",120
"('phlegm', 'redness_of_eyes')",120
"('16', 'phlegm')",120
"('16', 'chest_pain')",120
"('phlegm', 'sinus_pressure')",120
"('phlegm', 'runny_nose')",120
"('abnormal_menstruation', 'muscle_weakness')",120
"('muscle_pain', 'redness_of_eyes')",120
"('muscle_pain', 'phlegm')",120
"('8', 'abdominal_pain')",120
"('chest_pain', 'throat_irritation')",120
"('8', 'yellowish_skin')",120
"('chest_pain', 'runny_nose')",120
"('chest_pain', 'sinus_pressure')",120
"('12', 'yellowing_of_eyes')",120
"('congestion', 'throat_irritation')",120
"('congestion', 'sinus_pressure')",120
"('congestion', 'runny_nose')",120
"('congestion', 'redness_of_eyes')",120
"('congestion', 'phlegm')",120
"('congestion', 'muscle_pain')",120
"('congestion', 'loss_of_smell')",120
"('congestion', 'continuous_sneezing')",114
"('congestion', 'cough')",114
"('congestion', 'fatigue')",114
"('congestion', 'headache')",114
"('congestion', 'high_fever')",114
"('congestion', 'malaise')",114
"('congestion', 'swelled_lymph_nodes')",114
"('blurred_and_distorted_vision', 'polyuria')",114
"('excessive_hunger', 'increased_appetite')",114
"('excessive_hunger', 'polyuria')",114
"('abdominal_pain', 'muscle_pain')",114
"('continuous_sneezing', 'phlegm')",114
"('continuous_sneezing', 'muscle_pain')",114
"('continuous_sneezing', 'loss_of_smell')",114
"('blurred_and_distorted_vision', 'increased_appetite')",114
"('10', 'weight_loss')",114
"('10', 'restlessness')",114
"('irregular_sugar_level', 'polyuria')",114
"('increased_appetite', 'weight_loss')",114
"('increased_appetite', 'restlessness')",114
"('increased_appetite', 'obesity')",114
"('increased_appetite', 'lethargy')",114
"('increased_appetite', 'irregular_sugar_level')",114
"('fatigue', 'polyuria')",114
"('loss_of_appetite', 'receiving_unsterile_injections')",114
"('loss_of_appetite', 'receiving_blood_transfusion')",114
"('11', 'yellowish_skin')",114
"('abnormal_menstruation', 'excessive_hunger')",114
"('abnormal_menstruation', 'diarrhoea')",114
"('muscle_pain', 'sweating')",114
"('7', 'fatigue')",114
"('swollen_extremeties', 'weight_gain')",114
"('malaise', 'throat_irritation')",114
"('malaise', 'sinus_pressure')",114
"('malaise', 'runny_nose')",114
"('malaise', 'redness_of_eyes')",114
"('loss_of_smell', 'swelled_lymph_nodes')",114
"('blood_in_sputum', 'sweating')",114
"('puffy_face_and_eyes', 'swollen_extremeties')",114
"('mood_swings', 'swollen_extremeties')",114
"('16', 'malaise')",114
"('16', 'high_fever')",114
"('16', 'fatigue')",114
"('lethargy', 'swollen_extremeties')",114
"('irritability', 'weight_gain')",114
"('irritability', 'puffy_face_and_eyes')",114
"('irritability', 'lethargy')",114
"('blood_in_sputum', 'high_fever')",114
"('blood_in_sputum', 'fatigue')",114
"('blood_in_sputum', 'cough')",114
"('10', 'excessive_hunger')",114
"('mood_swings', 'muscle_weakness')",114
"('irritability', 'weight_loss')",114
"('irritability', 'restlessness')",114
"('fatigue', 'muscle_weakness')",114
"('fast_heart_rate', 'muscle_weakness')",114
"('fast_heart_rate', 'irritability')",114
"('excessive_hunger', 'muscle_weakness')",114
"('abnormal_menstruation', 'fast_heart_rate')",114
"('anxiety', 'slurred_speech')",114
"('anxiety', 'palpitations')",114
"('anxiety', 'irritability')",114
"('anxiety', 'excessive_hunger')",114
"('muscle_weakness', 'weight_loss')",114
"('muscle_weakness', 'sweating')",114
"('muscle_weakness', 'restlessness')",114
"('blood_in_sputum', 'chills')",114
"('blood_in_sputum', 'breathlessness')",114
"('16', 'swelled_lymph_nodes')",114
"('breathlessness', 'loss_of_appetite')",114
"('blood_in_sputum', 'weight_loss')",114
"('enlarged_thyroid', 'weight_gain')",114
"('enlarged_thyroid', 'puffy_face_and_eyes')",114
"('enlarged_thyroid', 'mood_swings')",114
"('enlarged_thyroid', 'lethargy')",114
"('blood_in_sputum', 'vomiting')",114
"('excessive_hunger', 'nausea')",114
"('blurred_and_distorted_vision', 'slurred_speech')",114
"('blurred_and_distorted_vision', 'palpitations')",114
"('loss_of_smell', 'malaise')",114
"('high_fever', 'throat_irritation')",114
"('high_fever', 'sinus_pressure')",114
"('high_fever', 'runny_nose')",114
"('high_fever', 'redness_of_eyes')",114
"('acute_liver_failure', 'yellowing_of_eyes')",114
"('acute_liver_failure', 'stomach_bleeding')",114
"('acute_liver_failure', 'loss_of_appetite')",114
"('dizziness', 'swollen_extremeties')",114
"('dizziness', 'irritability')",114
"('dizziness', 'enlarged_thyroid')",114
"('depression', 'weight_gain')",114
"('excessive_hunger', 'vomiting')",114
"('depression', 'mood_swings')",114
"('depression', 'lethargy')",114
"('12', 'vomiting')",114
"('acute_liver_failure', 'coma')",114
"('abdominal_pain', 'acute_liver_failure')",114
"('stomach_bleeding', 'yellowish_skin')",114
"('stomach_bleeding', 'vomiting')",114
"('nausea', 'stomach_bleeding')",114
"('joint_pain', 'stomach_bleeding')",114
"('swelled_lymph_nodes', 'throat_irritation')",114
"('sinus_pressure', 'swelled_lymph_nodes')",114
"('runny_nose', 'swelled_lymph_nodes')",114
"('6', 'yellowing_of_eyes')",114
"('lethargy', 'red_spots_over_body')",114
"('redness_of_eyes', 'swelled_lymph_nodes')",114
"('breathlessness', 'swelled_lymph_nodes')",114
"('breathlessness', 'mild_fever')",114
"('mild_fever', 'weight_loss')",114
"('mild_fever', 'sweating')",114
"('malaise', 'weight_loss')",114
"('high_fever', 'loss_of_smell')",114
"('headache', 'throat_irritation')",114
"('headache', 'sinus_pressure')",114
"('headache', 'runny_nose')",114
"('headache', 'redness_of_eyes')",114
"('headache', 'phlegm')",114
"('headache', 'loss_of_smell')",114
"('chills', 'mild_fever')",114
"('headache', 'palpitations')",114
"('fatigue', 'slurred_speech')",114
"('fatigue', 'palpitations')",114
"('brittle_nails', 'cold_hands_and_feets')",114
"('abnormal_menstruation', 'weight_gain')",114
"('abnormal_menstruation', 'puffy_face_and_eyes')",114
"('abnormal_menstruation', 'lethargy')",114
"('back_pain', 'vomiting')",114
"('depression', 'dizziness')",114
"('cold_hands_and_feets', 'swollen_extremeties')",114
"('cold_hands_and_feets', 'irritability')",114
"('cold_hands_and_feets', 'enlarged_thyroid')",114
"('cold_hands_and_feets', 'depression')",114
"('itching', 'red_spots_over_body')",114
"('red_spots_over_body', 'swelled_lymph_nodes')",114
"('mild_fever', 'red_spots_over_body')",114
"('depression', 'puffy_face_and_eyes')",114
"('chest_pain', 'weight_loss')",114
"('breathlessness', 'yellowing_of_eyes')",114
"('brittle_nails', 'weight_gain')",114
"('brittle_nails', 'puffy_face_and_eyes')",114
"('4', 'headache')",114
"('4', 'chest_pain')",114
"('slurred_speech', 'sweating')",114
"('palpitations', 'vomiting')",114
"('palpitations', 'sweating')",114
"('nausea', 'slurred_speech')",114
"('nausea', 'palpitations')",114
"('irritability', 'vomiting')",114
"('irritability', 'nausea')",114
"('headache', 'slurred_speech')",114
"('drying_and_tingling_lips', 'slurred_speech')",114
"('brittle_nails', 'mood_swings')",114
"('brittle_nails', 'lethargy')",114
"('brittle_nails', 'dizziness')",114
"('back_pain', 'skin_rash')",114
"('drying_and_tingling_lips', 'palpitations')",114
"('drying_and_tingling_lips', 'irritability')",114
"('drying_and_tingling_lips', 'excessive_hunger')",114
"('slurred_speech', 'vomiting')",114
"('loss_of_appetite', 'weight_loss')",114
"('loss_of_appetite', 'sweating')",114
"('cough', 'yellowing_of_eyes')",114
"('cough', 'mild_fever')",114
"('back_pain', 'red_spots_over_body')",114
"('back_pain', 'muscle_pain')",114
"('back_pain', 'joint_pain')",114
"('back_pain', 'high_fever')",114
"('back_pain', 'fatigue')",114
"('back_pain', 'chills')",114
"('muscle_pain', 'pain_behind_the_eyes')",114
"('coma', 'fatigue')",114
"('coma', 'dark_urine')",114
"('cough', 'loss_of_appetite')",114
"('chills', 'yellowing_of_eyes')",114
"('weight_loss', 'yellowing_of_eyes')",114
"('swelled_lymph_nodes', 'weight_loss')",114
"('swelled_lymph_nodes', 'vomiting')",114
"('sweating', 'yellowing_of_eyes')",114
"('sweating', 'swelled_lymph_nodes')",114
"('phlegm', 'weight_loss')",114
"('phlegm', 'vomiting')",114
"('joint_pain', 'pain_behind_the_eyes')",114
"('high_fever', 'pain_behind_the_eyes')",114
"('headache', 'joint_pain')",114
"('fatigue', 'pain_behind_the_eyes')",114
"('chills', 'pain_behind_the_eyes')",114
"('malaise', 'nausea')",114
"('back_pain', 'malaise')",114
"('pain_behind_the_eyes', 'vomiting')",114
"('pain_behind_the_eyes', 'skin_rash')",114
"('pain_behind_the_eyes', 'red_spots_over_body')",114
"('nausea', 'skin_rash')",114
"('nausea', 'red_spots_over_body')",114
"('breathlessness', 'fast_heart_rate')",114
"('high_fever', 'stomach_bleeding')",114
"('fatigue', 'stomach_bleeding')",114
"('dark_urine', 'stomach_bleeding')",114
"('coma', 'yellowish_skin')",114
"('coma', 'vomiting')",114
"('coma', 'nausea')",114
"('coma', 'joint_pain')",114
"('coma', 'high_fever')",114
"('12', 'nausea')",114
"('chills', 'rusty_sputum')",114
"('chills', 'fast_heart_rate')",114
"('breathlessness', 'rusty_sputum')",114
"('high_fever', 'toxic_look_(typhos)')",114
"('fatigue', 'toxic_look_(typhos)')",114
"('constipation', 'high_fever')",114
"('constipation', 'fatigue')",114
"('chills', 'toxic_look_(typhos)')",114
"('chills', 'constipation')",114
"('abnormal_menstruation', 'dizziness')",114
"('abnormal_menstruation', 'cold_hands_and_feets')",114
"('belly_pain', 'fatigue')",114
"('belly_pain', 'chills')",114
"('abdominal_pain', 'chills')",114
"('malaise', 'pain_behind_the_eyes')",114
"('fast_heart_rate', 'malaise')",114
"('fast_heart_rate', 'high_fever')",114
"('cough', 'rusty_sputum')",114
"('cough', 'fast_heart_rate')",114
"('fatigue', 'throat_irritation')",114
"('fatigue', 'sinus_pressure')",114
"('fatigue', 'runny_nose')",114
"('fatigue', 'redness_of_eyes')",114
"('fatigue', 'loss_of_smell')",114
"('cough', 'throat_irritation')",114
"('cough', 'sinus_pressure')",114
"('cough', 'runny_nose')",114
"('cough', 'redness_of_eyes')",114
"('cough', 'muscle_pain')",114
"('cough', 'loss_of_smell')",114
"('fatigue', 'increased_appetite')",114
"('5', 'stomach_pain')",114
"('abdominal_pain', 'mild_fever')",114
"('belly_pain', 'high_fever')",114
"('polyuria', 'weight_loss')",114
"('polyuria', 'restlessness')",114
"('obesity', 'polyuria')",114
"('lethargy', 'polyuria')",114
"('continuous_sneezing', 'throat_irritation')",114
"('continuous_sneezing', 'sinus_pressure')",114
"('continuous_sneezing', 'runny_nose')",114
"('chest_pain', 'continuous_sneezing')",114
"('continuous_sneezing', 'redness_of_eyes')",114
"('11', 'dark_urine')",114
"('malaise', 'rusty_sputum')",114
"('high_fever', 'rusty_sputum')",114
"('fatigue', 'rusty_sputum')",114
"('muscle_pain', 'yellowish_skin')",114
"('mild_fever', 'yellowish_skin')",114
"('mild_fever', 'nausea')",114
"('joint_pain', 'mild_fever')",114
"('diarrhoea', 'yellowing_of_eyes')",114
"('diarrhoea', 'mild_fever')",114
"('dark_urine', 'muscle_pain')",114
"('dark_urine', 'mild_fever')",114
"('lethargy', 'yellowing_of_eyes')",114
"('lethargy', 'receiving_unsterile_injections')",114
"('lethargy', 'receiving_blood_transfusion')",114
"('yellow_urine', 'yellowing_of_eyes')",114
"('receiving_unsterile_injections', 'yellowish_skin')",114
"('receiving_unsterile_injections', 'yellow_urine')",114
"('receiving_blood_transfusion', 'yellowish_skin')",114
"('rusty_sputum', 'sweating')",114
"('dark_urine', 'malaise')",114
"('chills', 'throat_irritation')",114
"('chills', 'sinus_pressure')",114
"('chills', 'runny_nose')",114
"('chills', 'redness_of_eyes')",114
"('chills', 'loss_of_smell')",114
"('chills', 'congestion')",114
"('12', 'lethargy')",114
"('12', 'dark_urine')",114
"('abdominal_pain', 'receiving_unsterile_injections')",114
"('abdominal_pain', 'receiving_blood_transfusion')",114
"('abdominal_pain', 'malaise')",114
"('12', 'yellowish_skin')",114
"('receiving_blood_transfusion', 'yellow_urine')",114
"('malaise', 'yellowish_skin')",114
"('malaise', 'yellow_urine')",114
"('16', 'cough')",114
"('16', 'chills')",114
"('muscle_pain', 'swelled_lymph_nodes')",114
"('diarrhoea', 'muscle_weakness')",114
"('diarrhoea', 'irritability')",114
"('abnormal_menstruation', 'weight_loss')",114
"('abnormal_menstruation', 'sweating')",114
"('abnormal_menstruation', 'restlessness')",114
"('phlegm', 'rusty_sputum')",114
"('fast_heart_rate', 'phlegm')",114
"('itching', 'receiving_unsterile_injections')",114
"('itching', 'receiving_blood_transfusion')",114
"('fatigue', 'receiving_unsterile_injections')",114
"('fatigue', 'receiving_blood_transfusion')",114
"('dark_urine', 'receiving_unsterile_injections')",114
"('dark_urine', 'receiving_blood_transfusion')",114
"('excessive_hunger', 'obesity')",108
"('movement_stiffness', 'muscle_weakness')",108
"('movement_stiffness', 'painful_walking')",108
"('movement_stiffness', 'stiff_neck')",108
"('movement_stiffness', 'swelling_joints')",108
"('muscle_weakness', 'painful_walking')",108
"('muscle_weakness', 'stiff_neck')",108
"('irregular_sugar_level', 'lethargy')",108
"('irregular_sugar_level', 'obesity')",108
"('blurred_and_distorted_vision', 'irregular_sugar_level')",108
"('continuous_sneezing', 'headache')",108
"('continuous_sneezing', 'high_fever')",108
"('continuous_sneezing', 'malaise')",108
"('continuous_sneezing', 'swelled_lymph_nodes')",108
"('lethargy', 'restlessness')",108
"('lethargy', 'weight_loss')",108
"('constipation', 'pain_in_anal_region')",108
"('irritation_in_anus', 'pain_during_bowel_movements')",108
"('irritation_in_anus', 'pain_in_anal_region')",108
"('pain_during_bowel_movements', 'pain_in_anal_region')",108
"('abdominal_pain', 'yellow_urine')",108
"('dark_urine', 'lethargy')",108
"('dark_urine', 'yellow_urine')",108
"('fatigue', 'yellow_urine')",108
"('bloody_stool', 'constipation')",108
"('bloody_stool', 'irritation_in_anus')",108
"('joint_pain', 'small_dents_in_nails')",108
"('silver_like_dusting', 'skin_peeling')",108
"('silver_like_dusting', 'skin_rash')",108
"('silver_like_dusting', 'small_dents_in_nails')",108
"('skin_peeling', 'skin_rash')",108
"('skin_peeling', 'small_dents_in_nails')",108
"('family_history', 'loss_of_appetite')",108
"('family_history', 'nausea')",108
"('family_history', 'yellowish_skin')",108
"('itching', 'yellow_urine')",108
"('lethargy', 'yellow_urine')",108
"('dark_urine', 'diarrhoea')",108
"('diarrhoea', 'joint_pain')",108
"('diarrhoea', 'loss_of_appetite')",108
"('diarrhoea', 'yellowish_skin')",108
"('lethargy', 'yellowish_skin')",108
"('loss_of_appetite', 'yellow_urine')",108
"('abdominal_pain', 'lethargy')",108
"('bloody_stool', 'pain_during_bowel_movements')",108
"('bloody_stool', 'pain_in_anal_region')",108
"('constipation', 'irritation_in_anus')",108
"('constipation', 'pain_during_bowel_movements')",108
"('abdominal_pain', 'headache')",108
"('belly_pain', 'headache')",108
"('constipation', 'headache')",108
"('headache', 'toxic_look_(typhos)')",108
"('belly_pain', 'nausea')",108
"('belly_pain', 'toxic_look_(typhos)')",108
"('bruising', 'cramps')",108
"('bruising', 'fatigue')",108
"('bruising', 'obesity')",108
"('bruising', 'prominent_veins_on_calf')",108
"('bruising', 'swollen_legs')",108
"('cramps', 'fatigue')",108
"('cramps', 'obesity')",108
"('cramps', 'prominent_veins_on_calf')",108
"('cramps', 'swollen_legs')",108
"('yellow_urine', 'yellowish_skin')",108
"('abdominal_pain', 'constipation')",108
"('abdominal_pain', 'toxic_look_(typhos)')",108
"('belly_pain', 'constipation')",108
"('belly_pain', 'diarrhoea')",108
"('belly_pain', 'vomiting')",108
"('constipation', 'diarrhoea')",108
"('constipation', 'nausea')",108
"('constipation', 'toxic_look_(typhos)')",108
"('constipation', 'vomiting')",108
"('diarrhoea', 'toxic_look_(typhos)')",108
"('fatigue', 'swollen_legs')",108
"('obesity', 'prominent_veins_on_calf')",108
"('obesity', 'swollen_legs')",108
"('fatigue', 'prominent_veins_on_calf')",108
"('nausea', 'toxic_look_(typhos)')",108
"('toxic_look_(typhos)', 'vomiting')",108
"('cold_hands_and_feets', 'mood_swings')",108
"('cold_hands_and_feets', 'puffy_face_and_eyes')",108
"('cold_hands_and_feets', 'weight_gain')",108
"('brittle_nails', 'fatigue')",108
"('itching', 'nausea')",108
"('chills', 'joint_pain')",108
"('chills', 'red_spots_over_body')",108
"('chills', 'skin_rash')",108
"('joint_pain', 'red_spots_over_body')",108
"('muscle_pain', 'red_spots_over_body')",108
"('muscle_pain', 'skin_rash')",108
"('red_spots_over_body', 'vomiting')",108
"('skin_rash', 'vomiting')",108
"('joint_pain', 'malaise')",108
"('prominent_veins_on_calf', 'swollen_legs')",108
"('abdominal_pain', 'belly_pain')",108
"('acute_liver_failure', 'yellowish_skin')",108
"('abdominal_pain', 'distention_of_abdomen')",108
"('abdominal_pain', 'fluid_overload')",108
"('lethargy', 'mild_fever')",108
"('lethargy', 'skin_rash')",108
"('abdominal_pain', 'internal_itching')",108
"('abdominal_pain', 'passage_of_gases')",108
"('headache', 'itching')",108
"('acute_liver_failure', 'dark_urine')",108
"('depression', 'fatigue')",108
"('lethargy', 'swelled_lymph_nodes')",108
"('mild_fever', 'skin_rash')",108
"('skin_rash', 'swelled_lymph_nodes')",108
"('itching', 'swelled_lymph_nodes')",108
"('cold_hands_and_feets', 'dizziness')",108
"('cold_hands_and_feets', 'lethargy')",108
"('distention_of_abdomen', 'vomiting')",108
"('distention_of_abdomen', 'yellowish_skin')",108
"('fluid_overload', 'history_of_alcohol_consumption')",108
"('fluid_overload', 'swelling_of_stomach')",108
"('fluid_overload', 'vomiting')",108
"('fluid_overload', 'yellowish_skin')",108
"('history_of_alcohol_consumption', 'swelling_of_stomach')",108
"('history_of_alcohol_consumption', 'vomiting')",108
"('history_of_alcohol_consumption', 'yellowish_skin')",108
"('swelling_of_stomach', 'vomiting')",108
"('swelling_of_stomach', 'yellowish_skin')",108
"('acute_liver_failure', 'fatigue')",108
"('acute_liver_failure', 'high_fever')",108
"('acute_liver_failure', 'joint_pain')",108
"('acute_liver_failure', 'nausea')",108
"('acute_liver_failure', 'vomiting')",108
"('lethargy', 'puffy_face_and_eyes')",108
"('lethargy', 'weight_gain')",108
"('dizziness', 'weight_gain')",108
"('enlarged_thyroid', 'fatigue')",108
"('headache', 'lethargy')",108
"('headache', 'mild_fever')",108
"('high_fever', 'lethargy')",108
"('itching', 'mild_fever')",108
"('dizziness', 'lethargy')",108
"('dizziness', 'mood_swings')",108
"('dizziness', 'puffy_face_and_eyes')",108
"('abdominal_pain', 'history_of_alcohol_consumption')",108
"('abdominal_pain', 'swelling_of_stomach')",108
"('distention_of_abdomen', 'fluid_overload')",108
"('distention_of_abdomen', 'history_of_alcohol_consumption')",108
"('distention_of_abdomen', 'swelling_of_stomach')",108
"('excessive_hunger', 'mood_swings')",108
"('diarrhoea', 'excessive_hunger')",108
"('diarrhoea', 'fast_heart_rate')",108
"('diarrhoea', 'mood_swings')",108
"('itching', 'weight_loss')",108
"('weight_loss', 'yellowish_skin')",108
"('internal_itching', 'passage_of_gases')",108
"('internal_itching', 'vomiting')",108
"('passage_of_gases', 'vomiting')",108
"('mood_swings', 'puffy_face_and_eyes')",108
"('mood_swings', 'weight_gain')",108
"('puffy_face_and_eyes', 'weight_gain')",108
"('11', 'itching')",108
"('11', 'lethargy')",108
"('fatigue', 'swollen_extremeties')",108
"('lethargy', 'mood_swings')",108
"('restlessness', 'sweating')",108
"('anxiety', 'blurred_and_distorted_vision')",108
"('dizziness', 'neck_pain')",108
"('loss_of_balance', 'neck_pain')",108
"('anxiety', 'fatigue')",108
"('anxiety', 'headache')",108
"('anxiety', 'nausea')",108
"('fast_heart_rate', 'mood_swings')",108
"('fast_heart_rate', 'restlessness')",108
"('fast_heart_rate', 'weight_loss')",108
"('mood_swings', 'restlessness')",108
"('abdominal_pain', 'weight_loss')",108
"('dark_urine', 'weight_loss')",108
"('diarrhoea', 'restlessness')",108
"('diarrhoea', 'weight_loss')",108
"('excessive_hunger', 'fast_heart_rate')",108
"('acidity', 'irritability')",108
"('chills', 'weight_loss')",108
"('anxiety', 'sweating')",108
"('anxiety', 'vomiting')",108
"('blurred_and_distorted_vision', 'nausea')",108
"('blurred_and_distorted_vision', 'sweating')",108
"('blurred_and_distorted_vision', 'vomiting')",108
"('5', 'neck_pain')",108
"('depression', 'stiff_neck')",108
"('depression', 'visual_disturbances')",108
"('excessive_hunger', 'indigestion')",108
"('excessive_hunger', 'stiff_neck')",108
"('chest_pain', 'stomach_pain')",108
"('cough', 'stomach_pain')",108
"('mood_swings', 'sweating')",108
"('mood_swings', 'weight_loss')",108
"('depression', 'headache')",108
"('depression', 'indigestion')",108
"('excessive_hunger', 'visual_disturbances')",108
"('headache', 'indigestion')",108
"('headache', 'stiff_neck')",108
"('headache', 'visual_disturbances')",108
"('indigestion', 'irritability')",108
"('indigestion', 'stiff_neck')",108
"('indigestion', 'visual_disturbances')",108
"('irritability', 'stiff_neck')",108
"('irritability', 'visual_disturbances')",108
"('stiff_neck', 'visual_disturbances')",108
"('acidity', 'depression')",108
"('acidity', 'excessive_hunger')",108
"('acidity', 'headache')",108
"('acidity', 'indigestion')",108
"('anxiety', 'drying_and_tingling_lips')",108
"('blurred_and_distorted_vision', 'drying_and_tingling_lips')",108
"('drying_and_tingling_lips', 'fatigue')",108
"('drying_and_tingling_lips', 'headache')",108
"('drying_and_tingling_lips', 'nausea')",108
"('5', 'headache')",108
"('lack_of_concentration', 'loss_of_balance')",108
"('acidity', 'blurred_and_distorted_vision')",108
"('breathlessness', 'weight_loss')",108
"('acidity', 'stiff_neck')",108
"('acidity', 'visual_disturbances')",108
"('blurred_and_distorted_vision', 'depression')",108
"('blurred_and_distorted_vision', 'indigestion')",108
"('blurred_and_distorted_vision', 'stiff_neck')",108
"('blurred_and_distorted_vision', 'visual_disturbances')",108
"('depression', 'excessive_hunger')",108
"('irregular_sugar_level', 'weight_loss')",108
"('lethargy', 'obesity')",108
"('cough', 'headache')",108
"('drying_and_tingling_lips', 'sweating')",108
"('drying_and_tingling_lips', 'vomiting')",108
"('hip_joint_pain', 'joint_pain')",108
"('hip_joint_pain', 'knee_pain')",108
"('hip_joint_pain', 'neck_pain')",108
"('hip_joint_pain', 'painful_walking')",108
"('hip_joint_pain', 'swelling_joints')",108
"('breathlessness', 'family_history')",108
"('breathlessness', 'mucoid_sputum')",108
"('family_history', 'high_fever')",108
"('family_history', 'mucoid_sputum')",108
"('high_fever', 'mucoid_sputum')",108
"('cough', 'weight_loss')",108
"('obesity', 'restlessness')",108
"('obesity', 'weight_loss')",108
"('9', 'blurred_and_distorted_vision')",108
"('9', 'excessive_hunger')",108
"('fatigue', 'irregular_sugar_level')",108
"('joint_pain', 'knee_pain')",108
"('joint_pain', 'neck_pain')",108
"('joint_pain', 'painful_walking')",108
"('joint_pain', 'swelling_joints')",108
"('knee_pain', 'neck_pain')",108
"('knee_pain', 'painful_walking')",108
"('knee_pain', 'swelling_joints')",108
"('neck_pain', 'painful_walking')",108
"('neck_pain', 'swelling_joints')",108
"('9', 'fatigue')",108
"('irregular_sugar_level', 'restlessness')",108
"('inflammatory_nails', 'joint_pain')",108
"('skin_rash', 'small_dents_in_nails')",108
"('inflammatory_nails', 'silver_like_dusting')",108
"('inflammatory_nails', 'skin_peeling')",108
"('inflammatory_nails', 'skin_rash')",108
"('inflammatory_nails', 'small_dents_in_nails')",108
"('joint_pain', 'silver_like_dusting')",108
"('joint_pain', 'skin_peeling')",108
"('continuous_sneezing', 'cough')",108
"('continuous_sneezing', 'fatigue')",108
"('blurred_and_distorted_vision', 'lethargy')",108
"('blurred_and_distorted_vision', 'obesity')",108
"('blurred_and_distorted_vision', 'restlessness')",108
"('blurred_and_distorted_vision', 'weight_loss')",108
"('excessive_hunger', 'irregular_sugar_level')",108
"('excessive_hunger', 'lethargy')",108
"('skin_rash', 'yellow_crust_ooze')",108
"('muscle_weakness', 'swelling_joints')",108
"('painful_walking', 'stiff_neck')",108
"('stiff_neck', 'swelling_joints')",108
"('headache', 'unsteadiness')",108
"('loss_of_balance', 'nausea')",108
"('loss_of_balance', 'unsteadiness')",108
"('loss_of_balance', 'vomiting')",108
"('nausea', 'unsteadiness')",108
"('unsteadiness', 'vomiting')",108
"('blister', 'red_sore_around_nose')",108
"('blister', 'skin_rash')",108
"('blister', 'yellow_crust_ooze')",108
"('red_sore_around_nose', 'skin_rash')",108
"('red_sore_around_nose', 'yellow_crust_ooze')",108
"('bladder_discomfort', 'continuous_feel_of_urine')",108
"('scurring', 'skin_rash')",102
"('pus_filled_pimples', 'skin_rash')",102
"('blackheads', 'skin_rash')",102
"('spinning_movements', 'vomiting')",102
"('spinning_movements', 'unsteadiness')",102
"('nausea', 'spinning_movements')",102
"('loss_of_balance', 'spinning_movements')",102
"('headache', 'spinning_movements')",102
"('diarrhoea', 'sunken_eyes')",102
"('dehydration', 'diarrhoea')",102
"('fatigue', 'mucoid_sputum')",102
"('cough', 'mucoid_sputum')",102
"('cough', 'family_history')",102
"('dizziness', 'lack_of_concentration')",102
"('chest_pain', 'loss_of_balance')",102
"('chest_pain', 'lack_of_concentration')",102
"('headache', 'lack_of_concentration')",102
"('back_pain', 'neck_pain')",102
"('back_pain', 'loss_of_balance')",102
"('back_pain', 'dizziness')",102
"('altered_sensorium', 'weakness_of_one_body_side')",102
"('altered_sensorium', 'vomiting')",102
"('altered_sensorium', 'headache')",102
"('neck_pain', 'weakness_in_limbs')",102
"('loss_of_balance', 'weakness_in_limbs')",102
"('dizziness', 'weakness_in_limbs')",102
"('high_fever', 'patches_in_throat')",102
"('high_fever', 'muscle_wasting')",102
"('extra_marital_contacts', 'high_fever')",102
"('indigestion', 'vomiting')",102
"('indigestion', 'passage_of_gases')",102
"('indigestion', 'internal_itching')",102
"('abdominal_pain', 'indigestion')",102
"('loss_of_appetite', 'passage_of_gases')",102
"('cough', 'ulcers_on_tongue')",102
"('chest_pain', 'ulcers_on_tongue')",102
"('acidity', 'stomach_pain')",102
"('acidity', 'cough')",102
"('acidity', 'chest_pain')",102
"('stomach_pain', 'vomiting')",102
"('stomach_pain', 'ulcers_on_tongue')",102
"('4', 'high_fever')",102
"('fatigue', 'weight_gain')",102
"('fatigue', 'puffy_face_and_eyes')",102
"('itching', 'stomach_pain')",102
"('itching', 'spotting_ urination')",102
"('dizziness', 'fatigue')",102
"('internal_itching', 'loss_of_appetite')",102
"('burning_micturition', 'itching')",102
"('cold_hands_and_feets', 'fatigue')",102
"('swollen_blood_vessels', 'swollen_legs')",102
"('prominent_veins_on_calf', 'swollen_blood_vessels')",102
"('obesity', 'swollen_blood_vessels')",102
"('fatigue', 'swollen_blood_vessels')",102
"('cramps', 'swollen_blood_vessels')",102
"('bruising', 'swollen_blood_vessels')",102
"('family_history', 'yellowing_of_eyes')",102
"('burning_micturition', 'continuous_feel_of_urine')",102
"('bladder_discomfort', 'burning_micturition')",102
"('dischromic _patches', 'itching')",96
"('itching', 'nodal_skin_eruptions')",96
"('dischromic _patches', 'skin_rash')",96
"('dischromic _patches', 'nodal_skin_eruptions')",96
"('nodal_skin_eruptions', 'skin_rash')",96
"('dehydration', 'vomiting')",96
"('bladder_discomfort', 'foul_smell_of urine')",96
"('continuous_feel_of_urine', 'foul_smell_of urine')",96
"('dehydration', 'sunken_eyes')",96
"('chest_pain', 'dizziness')",96
"('back_pain', 'weakness_in_limbs')",96
"('sunken_eyes', 'vomiting')",96
"('dizziness', 'headache')",96
"('burning_micturition', 'spotting_ urination')",96
"('blackheads', 'pus_filled_pimples')",96
"('blackheads', 'scurring')",96
"('blister', 'high_fever')",96
"('high_fever', 'yellow_crust_ooze')",96
"('ulcers_on_tongue', 'vomiting')",96
"('burning_micturition', 'skin_rash')",96
"('high_fever', 'red_sore_around_nose')",96
"('pus_filled_pimples', 'scurring')",96
"('spotting_ urination', 'stomach_pain')",96
"('skin_rash', 'stomach_pain')",96
"('acidity', 'ulcers_on_tongue')",96
"('skin_rash', 'spotting_ urination')",96
"('burning_micturition', 'stomach_pain')",96
"('10', 'mild_fever')",96
"('acidity', 'vomiting')",96
"('indigestion', 'loss_of_appetite')",96
"('chills', 'shivering')",96
"('chills', 'watering_from_eyes')",96
"('extra_marital_contacts', 'muscle_wasting')",96
"('shivering', 'watering_from_eyes')",96
"('continuous_sneezing', 'watering_from_eyes')",96
"('continuous_sneezing', 'shivering')",96
"('extra_marital_contacts', 'patches_in_throat')",96
"('muscle_wasting', 'patches_in_throat')",96
"('vomiting', 'weakness_of_one_body_side')",96
"('headache', 'weakness_of_one_body_side')",96
"('10', 'malaise')",96
"('10', 'chills')",90
"('10', 'headache')",90
"('5', 'pain_in_anal_region')",90
"('5', 'irritation_in_anus')",90
"('3', 'vomiting')",90
"('5', 'muscle_weakness')",90
"('burning_micturition', 'foul_smell_of urine')",90
"('5', 'stiff_neck')",90
"('10', 'fast_heart_rate')",90
"('5', 'movement_stiffness')",90
"('10', 'loss_of_appetite')",90
"('5', 'constipation')",90
"('5', 'bloody_stool')",90
"('5', 'pain_during_bowel_movements')",90
"('6', 'inflammatory_nails')",84
"('6', 'painful_walking')",84
"('6', 'silver_like_dusting')",84
"('6', 'small_dents_in_nails')",84
"('6', 'skin_rash')",84
"('6', 'skin_peeling')",84
"('10', 'abdominal_pain')",84
"('10', 'nausea')",84
"('10', 'vomiting')",84
"('7', 'high_fever')",84
"('5', 'cough')",84
"('6', 'neck_pain')",84
"('10', 'sweating')",84
"('6', 'hip_joint_pain')",84
"('6', 'swelling_joints')",84
"('6', 'knee_pain')",84
"('4', 'blackheads')",78
"('5', 'weakness_in_limbs')",78
"('4', 'loss_of_balance')",78
"('5', 'family_history')",78
"('4', 'dehydration')",78
"('6', 'loss_of_balance')",78
"('6', 'headache')",78
"('4', 'sunken_eyes')",78
"('4', 'diarrhoea')",78
"('6', 'unsteadiness')",78
"('6', 'spinning_movements')",78
"('4', 'breathlessness')",78
"('4', 'sweating')",78
"('4', 'weakness_of_one_body_side')",78
"('4', 'altered_sensorium')",78
"('4', 'patches_in_throat')",78
"('5', 'back_pain')",78
"('4', 'extra_marital_contacts')",78
"('4', 'muscle_wasting')",78
"('7', 'loss_of_appetite')",78
"('7', 'yellowing_of_eyes')",78
"('7', 'swelling_of_stomach')",78
"('7', 'history_of_alcohol_consumption')",78
"('7', 'distention_of_abdomen')",78
"('7', 'fluid_overload')",78
"('4', 'bladder_discomfort')",78
"('4', 'continuous_feel_of_urine')",78
"('4', 'foul_smell_of urine')",78
"('4', 'pus_filled_pimples')",78
"('4', 'scurring')",78
"('5', 'yellow_crust_ooze')",78
"('5', 'red_sore_around_nose')",78
"('5', 'blister')",78
"('4', 'dischromic _patches')",72
"('3', 'skin_rash')",72
"('4', 'nodal_skin_eruptions')",72
"('17', 'headache')",72
"('13', 'yellowish_skin')",72
"('13', 'yellowing_of_eyes')",72
"('13', 'stomach_bleeding')",72
"('13', 'dark_urine')",72
"('13', 'coma')",72
"('13', 'acute_liver_failure')",72
"('13', 'abdominal_pain')",72
"('13', 'brittle_nails')",72
"('13', 'abnormal_menstruation')",72
"('11', 'joint_pain')",72
"('11', 'toxic_look_(typhos)')",72
"('11', 'constipation')",72
"('11', 'belly_pain')",72
"('7', 'swollen_legs')",72
"('7', 'swollen_blood_vessels')",72
"('7', 'prominent_veins_on_calf')",72
"('7', 'obesity')",72
"('13', 'weight_gain')",72
"('13', 'swollen_extremeties')",72
"('13', 'puffy_face_and_eyes')",72
"('13', 'mood_swings')",72
"('13', 'lethargy')",72
"('13', 'irritability')",72
"('13', 'enlarged_thyroid')",72
"('13', 'dizziness')",72
"('13', 'depression')",72
"('13', 'cold_hands_and_feets')",72
"('10', 'polyuria')",72
"('6', 'mucoid_sputum')",72
"('6', 'high_fever')",72
"('6', 'breathlessness')",72
"('5', 'lack_of_concentration')",72
"('5', 'fatigue')",72
"('12', 'sweating')",72
"('12', 'slurred_speech')",72
"('12', 'palpitations')",72
"('12', 'headache')",72
"('12', 'excessive_hunger')",72
"('12', 'drying_and_tingling_lips')",72
"('12', 'blurred_and_distorted_vision')",72
"('12', 'anxiety')",72
"('4', 'dizziness')",72
"('17', 'fatigue')",72
"('17', 'cough')",72
"('17', 'continuous_sneezing')",72
"('17', 'congestion')",72
"('17', 'chills')",72
"('17', 'chest_pain')",72
"('16', 'sweating')",72
"('16', 'mild_fever')",72
"('16', 'loss_of_appetite')",72
"('16', 'breathlessness')",72
"('16', 'blood_in_sputum')",72
"('5', 'nausea')",72
"('11', 'phlegm')",72
"('11', 'cough')",72
"('11', 'chest_pain')",72
"('11', 'breathlessness')",72
"('10', 'irregular_sugar_level')",72
"('10', 'increased_appetite')",72
"('10', 'blurred_and_distorted_vision')",72
"('4', 'watering_from_eyes')",72
"('4', 'shivering')",72
"('8', 'weight_loss')",72
"('8', 'itching')",72
"('6', 'internal_itching')",72
"('6', 'indigestion')",72
"('16', 'yellowing_of_eyes')",72
"('16', 'weight_loss')",72
"('16', 'vomiting')",72
"('11', 'weight_loss')",72
"('11', 'restlessness')",72
"('12', 'receiving_unsterile_injections')",72
"('12', 'receiving_blood_transfusion')",72
"('12', 'malaise')",72
"('12', 'itching')",72
"('7', 'cramps')",72
"('7', 'bruising')",72
"('11', 'muscle_weakness')",72
"('11', 'mood_swings')",72
"('8', 'diarrhoea')",72
"('8', 'chills')",72
"('6', 'passage_of_gases')",72
"('11', 'abnormal_menstruation')",72
"('8', 'muscle_pain')",72
"('5', 'loss_of_appetite')",72
"('11', 'muscle_pain')",72
"('12', 'yellow_urine')",72
"('11', 'rusty_sputum')",72
"('8', 'sweating')",72
"('4', 'chills')",72
"('17', 'throat_irritation')",72
"('17', 'swelled_lymph_nodes')",72
"('17', 'sinus_pressure')",72
"('17', 'runny_nose')",72
"('17', 'redness_of_eyes')",72
"('17', 'phlegm')",72
"('17', 'muscle_pain')",72
"('17', 'malaise')",72
"('17', 'loss_of_smell')",72
"('17', 'high_fever')",72
"('10', 'obesity')",72
"('4', 'continuous_sneezing')",72
"('6', 'acidity')",66
"('6', 'ulcers_on_tongue')",66
"('6', 'stomach_pain')",66
"('5', 'burning_micturition')",66
"('5', 'itching')",66
"('11', 'swelled_lymph_nodes')",66
"('11', 'skin_rash')",66
"('5', 'spotting_ urination')",66
"('11', 'red_spots_over_body')",66
"('6', 'chest_pain')",66
"('14', 'pain_behind_the_eyes')",66
"('14', 'nausea')",66
"('14', 'muscle_pain')",66
"('14', 'malaise')",66
"('14', 'loss_of_appetite')",66
"('14', 'joint_pain')",66
"('14', 'high_fever')",66
"('14', 'headache')",66
"('9', 'visual_disturbances')",66
"('9', 'stiff_neck')",66
"('9', 'irritability')",66
"('9', 'indigestion')",66
"('9', 'headache')",66
"('9', 'depression')",66
"('9', 'acidity')",66
"('14', 'red_spots_over_body')",66
"('9', 'yellowing_of_eyes')",66
"('14', 'back_pain')",66
"('14', 'skin_rash')",66
"('9', 'dark_urine')",66
"('14', 'vomiting')",66
"('9', 'yellowish_skin')",66
"('9', 'nausea')",66
"('9', 'vomiting')",66
"('9', 'joint_pain')",66
"('9', 'loss_of_appetite')",66
"('14', 'chills')",66
"('14', 'fatigue')",66
"('9', 'abdominal_pain')",66
"('5', 'joint_pain')",60
"('13', 'back_pain')",54
"('13', 'pain_behind_the_eyes')",54
"('13', 'headache')",54
"('10', 'red_spots_over_body')",54
"('9', 'polyuria')",48
"('9', 'increased_appetite')",48
"('10', 'swelled_lymph_nodes')",48
"('10', 'chest_pain')",48
"('10', 'rusty_sputum')",48
"('8', 'acidity')",48
"('8', 'visual_disturbances')",48
"('15', 'chest_pain')",48
"('8', 'stiff_neck')",48
"('8', 'irritability')",48
"('8', 'depression')",48
"('15', 'yellowing_of_eyes')",48
"('15', 'blood_in_sputum')",48
"('8', 'yellowing_of_eyes')",48
"('10', 'abnormal_menstruation')",48
"('13', 'skin_rash')",48
"('8', 'loss_of_appetite')",48
"('13', 'chills')",48
"('16', 'congestion')",48
"('13', 'muscle_pain')",48
"('15', 'swelled_lymph_nodes')",48
"('11', 'receiving_blood_transfusion')",48
"('11', 'receiving_unsterile_injections')",48
"('12', 'stomach_bleeding')",48
"('11', 'palpitations')",48
"('12', 'coma')",48
"('8', 'indigestion')",48
"('8', 'excessive_hunger')",48
"('10', 'skin_rash')",48
"('16', 'throat_irritation')",48
"('12', 'enlarged_thyroid')",48
"('12', 'swollen_extremeties')",48
"('16', 'loss_of_smell')",48
"('8', 'joint_pain')",48
"('7', 'muscle_pain')",48
"('13', 'red_spots_over_body')",48
"('15', 'malaise')",48
"('15', 'phlegm')",48
"('12', 'abnormal_menstruation')",48
"('12', 'depression')",48
"('12', 'brittle_nails')",48
"('15', 'mild_fever')",48
"('15', 'loss_of_appetite')",48
"('10', 'yellowing_of_eyes')",48
"('10', 'muscle_pain')",48
"('16', 'redness_of_eyes')",48
"('16', 'runny_nose')",48
"('16', 'sinus_pressure')",48
"('16', 'muscle_pain')",48
"('10', 'itching')",48
"('13', 'malaise')",48
"('10', 'muscle_weakness')",48
"('10', 'irritability')",48
"('8', 'blurred_and_distorted_vision')",48
"('11', 'slurred_speech')",48
"('6', 'bruising')",42
"('9', 'restlessness')",42
"('6', 'swollen_legs')",42
"('6', 'prominent_veins_on_calf')",42
"('10', 'breathlessness')",42
"('9', 'obesity')",42
"('16', 'headache')",42
"('12', 'acute_liver_failure')",42
"('10', 'mood_swings')",42
"('11', 'blurred_and_distorted_vision')",42
"('12', 'joint_pain')",42
"('12', 'high_fever')",42
"('9', 'lethargy')",42
"('15', 'vomiting')",42
"('15', 'sweating')",42
"('15', 'breathlessness')",42
"('15', 'cough')",42
"('15', 'chills')",42
"('15', 'weight_loss')",42
"('4', 'lack_of_concentration')",42
"('11', 'yellow_urine')",42
"('11', 'anxiety')",42
"('6', 'obesity')",42
"('6', 'cramps')",42
"('9', 'irregular_sugar_level')",42
"('9', 'weight_loss')",42
"('10', 'toxic_look_(typhos)')",42
"('4', 'stomach_pain')",42
"('10', 'phlegm')",42
"('7', 'headache')",42
"('12', 'weight_gain')",42
"('7', 'weight_loss')",42
"('10', 'joint_pain')",42
"('10', 'yellowish_skin')",42
"('15', 'fatigue')",42
"('7', 'chills')",42
"('5', 'ulcers_on_tongue')",42
"('12', 'cold_hands_and_feets')",42
"('5', 'acidity')",42
"('12', 'dizziness')",42
"('5', 'internal_itching')",42
"('4', 'spotting_ urination')",42
"('5', 'passage_of_gases')",42
"('12', 'mood_swings')",42
"('12', 'puffy_face_and_eyes')",42
"('5', 'abdominal_pain')",42
"('10', 'dark_urine')",42
"('7', 'dark_urine')",42
"('7', 'sweating')",42
"('15', 'high_fever')",42
"('11', 'drying_and_tingling_lips')",42
"('16', 'continuous_sneezing')",42
"('5', 'mucoid_sputum')",42
"('5', 'breathlessness')",42
"('10', 'constipation')",42
"('10', 'belly_pain')",42
"('10', 'cough')",42
"('7', 'diarrhoea')",36
"('4', 'red_sore_around_nose')",36
"('3', 'dischromic _patches')",36
"('4', 'blister')",36
"('3', 'nodal_skin_eruptions')",36
"('3', 'itching')",36
"('3', 'bladder_discomfort')",36
"('6', 'history_of_alcohol_consumption')",36
"('5', 'yellowish_skin')",36
"('4', 'neck_pain')",36
"('6', 'swelling_of_stomach')",36
"('6', 'fluid_overload')",36
"('5', 'unsteadiness')",36
"('3', 'continuous_feel_of_urine')",36
"('3', 'diarrhoea')",36
"('4', 'yellow_crust_ooze')",36
"('6', 'swollen_blood_vessels')",36
"('3', 'chills')",36
"('3', 'shivering')",36
"('3', 'high_fever')",36
"('3', 'altered_sensorium')",36
"('6', 'itching')",36
"('5', 'indigestion')",36
"('6', 'distention_of_abdomen')",36
"('3', 'chest_pain')",36
"('3', 'continuous_sneezing')",36
"('3', 'watering_from_eyes')",36
"('5', 'small_dents_in_nails')",30
"('5', 'inflammatory_nails')",30
"('5', 'silver_like_dusting')",30
"('3', 'scurring')",30
"('3', 'pus_filled_pimples')",30
"('3', 'blackheads')",30
"('4', 'back_pain')",30
"('4', 'weakness_in_limbs')",30
"('3', 'headache')",30
"('3', 'muscle_wasting')",30
"('3', 'sweating')",30
"('5', 'yellowing_of_eyes')",30
"('3', 'breathlessness')",30
"('3', 'extra_marital_contacts')",30
"('3', 'weakness_of_one_body_side')",30
"('5', 'skin_peeling')",30
"('3', 'burning_micturition')",30
"('3', 'patches_in_throat')",30
"('5', 'hip_joint_pain')",30
"('5', 'spinning_movements')",30
"('3', 'dehydration')",30
"('3', 'sunken_eyes')",30
"('5', 'knee_pain')",30
"('3', 'foul_smell_of urine')",24
"('4', 'bloody_stool')",24
"('4', 'irritation_in_anus')",24
"('4', 'constipation')",24
"('4', 'pain_during_bowel_movements')",24
"('4', 'pain_in_anal_region')",24
"('4', 'muscle_weakness')",24
"('4', 'movement_stiffness')",24
"('4', 'swelling_joints')",24
"('4', 'painful_walking')",24
"('4', 'stiff_neck')",24
