,Frequency
fatigue,1932
vomiting,1914
high_fever,1362
loss_of_appetite,1152
nausea,1146
headache,1134
abdominal_pain,1032
yellowish_skin,912
4,858
yellowing_of_eyes,816
chills,798
skin_rash,786
5,780
malaise,702
chest_pain,696
joint_pain,684
itching,678
sweating,678
6,666
dark_urine,570
diarrhoea,564
cough,564
irritability,474
muscle_pain,474
excessive_hunger,462
weight_loss,456
lethargy,456
11,450
breathlessness,450
mild_fever,354
phlegm,354
3,348
swelled_lymph_nodes,348
blurred_and_distorted_vision,342
loss_of_balance,342
dizziness,336
7,324
10,318
8,252
12,240
abnormal_menstruation,240
red_spots_over_body,234
fast_heart_rate,234
depression,234
muscle_weakness,234
back_pain,228
constipation,228
neck_pain,228
restlessness,228
obesity,228
painful_walking,228
swelling_joints,228
mood_swings,228
stiff_neck,228
family_history,228
acidity,222
stomach_pain,222
continuous_sneezing,222
indigestion,222
burning_micturition,216
13,198
9,180
congestion,120
loss_of_smell,120
palpitations,120
rusty_sputum,120
stomach_bleeding,120
blood_in_sputum,120
16,120
throat_irritation,120
coma,120
runny_nose,120
redness_of_eyes,120
sinus_pressure,120
receiving_unsterile_injections,120
pain_behind_the_eyes,120
increased_appetite,120
polyuria,120
receiving_blood_transfusion,120
brittle_nails,120
swollen_extremeties,120
enlarged_thyroid,120
slurred_speech,120
red_sore_around_nose,114
yellow_crust_ooze,114
inflammatory_nails,114
small_dents_in_nails,114
blister,114
bladder_discomfort,114
unsteadiness,114
movement_stiffness,114
mucoid_sputum,114
lack_of_concentration,114
yellow_urine,114
altered_sensorium,114
visual_disturbances,114
toxic_look_(typhos),114
belly_pain,114
passage_of_gases,114
irregular_sugar_level,114
internal_itching,114
prominent_veins_on_calf,114
bruising,114
cramps,114
irritation_in_anus,114
weight_gain,114
bloody_stool,114
fluid_overload,114
swollen_legs,114
history_of_alcohol_consumption,114
acute_liver_failure,114
pain_during_bowel_movements,114
distention_of_abdomen,114
swelling_of_stomach,114
drying_and_tingling_lips,114
pain_in_anal_region,114
cold_hands_and_feets,114
puffy_face_and_eyes,114
hip_joint_pain,114
silver_like_dusting,114
skin_peeling,114
continuous_feel_of_urine,114
knee_pain,114
anxiety,114
ulcers_on_tongue,108
watering_from_eyes,108
nodal_skin_eruptions,108
dischromic _patches,108
shivering,108
muscle_wasting,108
blackheads,108
weakness_of_one_body_side,108
weakness_in_limbs,108
spotting_ urination,108
extra_marital_contacts,108
patches_in_throat,108
sunken_eyes,108
dehydration,108
pus_filled_pimples,108
scurring,108
swollen_blood_vessels,108
spinning_movements,108
foul_smell_of urine,102
17,72
14,66
15,48
