,precision,recall,f1-score,support
(vertigo) Paroymsal  Positional Vertigo,1.0,1.0,1.0,18.0
AIDS,1.0,1.0,1.0,12.0
Acne,1.0,1.0,1.0,30.0
Alcoholic hepatitis,1.0,1.0,1.0,6.0
Allergy,1.0,1.0,1.0,96.0
Bronchial Asthma,1.0,1.0,1.0,84.0
Cervical spondylosis,1.0,1.0,1.0,12.0
Chicken pox,1.0,1.0,1.0,18.0
Chronic cholestasis,1.0,1.0,1.0,84.0
Dengue,1.0,1.0,1.0,18.0
Diabetes ,1.0,1.0,1.0,12.0
Dimorphic hemmorhoids(piles),1.0,1.0,1.0,12.0
Drug Reaction,1.0,1.0,1.0,66.0
Hepatitis B,1.0,1.0,1.0,12.0
Hepatitis C,1.0,1.0,1.0,6.0
Hepatitis D,1.0,1.0,1.0,6.0
Hepatitis E,1.0,1.0,1.0,12.0
Hyperthyroidism,1.0,1.0,1.0,12.0
Hypoglycemia,1.0,1.0,1.0,84.0
Hypothyroidism,1.0,1.0,1.0,12.0
Impetigo,1.0,1.0,1.0,6.0
Jaundice,1.0,1.0,1.0,6.0
Malaria,1.0,1.0,1.0,78.0
Migraine,1.0,1.0,1.0,24.0
Paralysis (brain hemorrhage),1.0,1.0,1.0,6.0
Peptic ulcer diseae,1.0,1.0,1.0,6.0
Pneumonia,1.0,1.0,1.0,12.0
Psoriasis,1.0,1.0,1.0,6.0
Tuberculosis,1.0,1.0,1.0,12.0
Urinary tract infection,1.0,1.0,1.0,6.0
Varicose veins,1.0,1.0,1.0,24.0
hepatitis A,1.0,1.0,1.0,12.0
